,Topic,Count,Name,Representation,Representative_Docs
0,-1,18,-1_yamatoya_skywalker_サロン_チェア,"['yamatoya', 'skywalker', 'サロン', 'チェア', 'lounge', 'オンライン サロン', 'yamatoya jp', 'jp', 'skywalker room', 'com']","['子供 多い 結膜炎 種類 治療 異なる はやり目 激烈 感染症 アレルギー 見極め 治療 わりと 多い 子供 結膜炎 特徴 解説 記事 続き 会員制 医療 ブログ skywalker ROOM 月額 登録 skywalker ROOM skywalkers ROOM smartcore 小児科医 主催 日本 初 オンライン サロン skywalker LOUNGE 女性 限定 月額 記事 質問 丁寧 答える 日間 無料 体験 入会 北浜 直 小児科医 skywalker 院長 サロン dmm オンライン サロン 小児科 医師 skywalker オンライン サロン skywalker LOUNGE ようこそ 育児 頑張る ママ 悩み 相談 受け付ける サロン ママ 同士 交流 積極的 行く LOUNGE dmm', '夏場 子供 肌 トラブル 多い 時期 スキンケア 必須 間違う 治る ばかり 重症化 アトピー 発症 正しい スキンケア 知る 必須 記事 続き 会員制 医療 ブログ skywalker ROOM 月額 登録 skywalker ROOM skywalkers ROOM smartcore 小児科医 主催 日本 初 オンライン サロン skywalker LOUNGE 女性 限定 月額 記事 質問 丁寧 答える 日間 無料 体験 入会 北浜 直 小児科医 skywalker 院長 サロン dmm オンライン サロン 小児科 医師 skywalker オンライン サロン skywalker LOUNGE ようこそ 育児 頑張る ママ 悩み 相談 受け付ける サロン ママ 同士 交流 積極的 行く LOUNGE dmm', 'マイコ 急増 報道 出る 実際 診療 明らか 増える 印象 マイコ 肺炎 原因 最も 多い 感染症 注意 要る 記事 続き 会員制 医療 ブログ skywalker ROOM 月額 登録 skywalker ROOM skywalkers ROOM smartcore 小児科医 主催 日本 初 オンライン サロン skywalker LOUNGE 女性 限定 月額 記事 質問 丁寧 答える 日間 無料 体験 入会 北浜 直 小児科医 skywalker 院長 サロン dmm オンライン サロン 小児科 医師 skywalker オンライン サロン skywalker LOUNGE ようこそ 育児 頑張る ママ 悩み 相談 受け付ける サロン ママ 同士 交流 積極的 行く LOUNGE dmm']"
1,0,1702,0_思う_言う_行く_くれる,"['思う', '言う', '行く', 'くれる', '食べる', '良い', 'ブログ', '見る', 'くらい', '保育園']","['長女 次女 育てる ワーママ 出産 仕事 そこそこ 頑張る ゆるい あたたかい 家庭 築く 目標 スマホ 触る 急 見知る 始まる 電話番号 着信 スリランカ 思う 出る 迷う 電話 切れる 思う 調べる 国際 ワンギリ 詐欺 News Yahoo articles ED Be fad aaff dee 夜中 謎 着信 始まる 電話番号 国際 ワンギリ 詐欺 可能性 専門家 解説 折り返す 目的 接続料 取る abema times ニュース 昨今 始まる 番号 スリランカ 謎 着信 報告 続出 実際 被害 遭う 男性 聞く 夜中 ぐらい 電話 かかる 寝る 迷 News Yahoo 誤る 電話 掛け直す 高額 通話 料金 請求 支払う お金 現地 通信 会社 収入 一部 犯罪 組織 キックバック 仕組み みな pick item 天然 成分 公式 アロベビー UV アウトドア ミスト ml 送料 無料 日焼け 止め UV UV ミスト UV スプレー 紫外線 アウトドア オーガニック ベビー 赤ちゃん キッズ こども 子供 子供 オーガニック 国産 無添加 天然 成分 alobaby alobaby baby 日焼け 止める 虫除け 効果 なおかつ スプレー 形式 超 便利 お出かけ 持ち歩く やすい サイズ マラソン OFF クーポン 位 ちゃう び 体温計 非接触 医療機器 認証 額 耳 非接触 体温計 早い でこ 正確 検温 検温器 大人 子供 赤ちゃん ベビー 小学校 幼稚園 保育園 入園 入学 非接触 型 体温計 医療用 JPD Fr コンパクト 測定 ピンク グリーン 体温 計測 面倒 購入 一瞬 測れる 嬉しい グスケット 抱っこ紐 公式 レビュー 特典 付き 簡単 コンパクト 超軽量 パパママ 家族 男女 兼用 セカンド 抱っこひも ヒップ シート スリング 腰 すわり kg 通園 テーマ パーク 旅行 ヒョウ柄 カラバリ 色 gooseket ベビーカー チャイルド シート 併用 ママ友 持つ 高品質 評価 フロッキー ネーム 単色 カット 済み アイロン シール 付け 超 強力 洗濯 耐性 送料 無料 ミニクリアファイル 付 シール フロッキー 防水 保育園 小学校 タオル 布 タグ 靴下 布 ソックス アイロン 伸縮 乾燥機 介護 介護施設 シール 幼稚園 靴下 かわいい 仕上がる', '長女 次女 育てる ワーママ 出産 仕事 そこそこ 頑張る ゆるい あたたかい 家庭 築く 目標 ブチギレ 案件 一夜 明け 夫 対する ブチ切れる 長女 次女 育てる ワーママ 出産 仕事 そこそこ 頑張る ゆるい あたたかい 家庭 築く 目標 久しぶり 叫ぶ Ameblo ブログ 書く だいぶ 気持ち 落ち着く 思い 整理 朝食 食べる 夫 切り出す 昨日 急 怒る ごめん 夫 ごめん 急 キレる ちゃう 理由 考える やっぱり 妊娠 出産 仕事 セーブ ぬ 時短勤務 対する 相当 コンプレックス 夫 なるほど 時短勤務 たしなむ わかる 男女 構造 違う 仕方ない わかる 妊娠 出産 不妊 治療 通ずる すごい 大きな 負担 背負う 失う たって 気持ち ずっと 思う 夫 にい けれど 気持ち 理解 ほしい 思う 夫 うん わかる ただ 大変 言い方 ちゃう 言う いける 言う わかる ほしい 夫婦 人間関係 言う 暗黙 ルール うーん なるほど 大変 わかる 仕事 大変 絶対 言う ただ 家庭 夫 氏 責める 妊娠 出産 関する やっぱり 負担 大きい ばっかり 犠牲 思う ちゃう ばっかり 言い方 今後 思う 素直 気持ち 夫 受け止める ほしい 夫 甘える 思う 夫 うん まあ やり取り 仲直り 夫 ばっかり 夫婦 言う ルール 思う 聞ける よい 普通 人間関係 ルール わかる 家庭 あんまり ルール 家族 甘える オッケー 勝手 思う 限る わかる もちろん まだ 甘える させる もらう つもり 夫 誠実 人間関係 フェア ルール 守る 生きる 健気 真面目 結構 好き まあ 家族 対する もっと リラックス 思う 家事 代行 夫 サービス 調べる くれる 今後 活用 思う 保育園 送り迎え 夫 もらえる 日々 家事 育児 積極的 くれる 感ずる 結果 オーライ pick item 天然 成分 公式 アロベビー UV アウトドア ミスト ml 送料 無料 日焼け 止め UV UV ミスト UV スプレー 紫外線 アウトドア オーガニック ベビー 赤ちゃん キッズ こども 子供 子供 オーガニック 国産 無添加 天然 成分 alobaby alobaby baby 日焼け 止める 虫除け 効果 なおかつ スプレー 形式 超 便利 お出かけ 持ち歩く やすい サイズ マラソン OFF クーポン 位 ちゃう び 体温計 非接触 医療機器 認証 額 耳 非接触 体温計 早い でこ 正確 検温 検温器 大人 子供 赤ちゃん ベビー 小学校 幼稚園 保育園 入園 入学 非接触 型 体温計 医療用 JPD Fr コンパクト 測定 ピンク グリーン 体温 計測 面倒 購入 一瞬 測れる 嬉しい グスケット 抱っこ紐 公式 レビュー 特典 付き 簡単 コンパクト 超軽量 パパママ 家族 男女 兼用 セカンド 抱っこひも ヒップ シート スリング 腰 すわり kg 通園 テーマ パーク 旅行 ヒョウ柄 カラバリ 色 gooseket ベビーカー チャイルド シート 併用 ママ友 持つ 高品質 評価 フロッキー ネーム 単色 カット 済み アイロン シール 付け 超 強力 洗濯 耐性 送料 無料 ミニクリアファイル 付 シール フロッキー 防水 保育園 小学校 タオル 布 タグ 靴下 布 ソックス アイロン 伸縮 乾燥機 介護 介護施設 シール 幼稚園 靴下 かわいい 仕上がる', '長女 次女 育てる ワーママ 出産 仕事 そこそこ 頑張る ゆるい あたたかい 家庭 築く 目標 最近 仕事 とても 悩む 思う 成果 出る 原因 単なる 不足 能力 不足 思う もともと 苦手 思う もちろん だし 得意 思う 自信 なくなる マズい 思う 解決策 わかる メンバー 頼り きり 存在 価値 思う 異動 転職 考え 何度 よぎる 最近 オリンピック 見る 諦める 良い 選手 言葉 聞く きっと まだ たどり着く 途中 苦しい しれる けれど 必ず 報う 来る 信ずる 仕事 向き合う 気持ち 奮い立つ 終わる ちょっと 充実感 がむしゃら まだ 方向性 見える よし まだ 進める 気づく なくなる 自信 ひょっこり 頭 出す 苦しい まだ ちょっと がんばる 思う pick item 天然 成分 公式 アロベビー UV アウトドア ミスト ml 送料 無料 日焼け 止め UV UV ミスト UV スプレー 紫外線 アウトドア オーガニック ベビー 赤ちゃん キッズ こども 子供 子供 オーガニック 国産 無添加 天然 成分 alobaby alobaby baby 日焼け 止める 虫除け 効果 なおかつ スプレー 形式 超 便利 お出かけ 持ち歩く やすい サイズ マラソン OFF クーポン 位 ちゃう び 体温計 非接触 医療機器 認証 額 耳 非接触 体温計 早い でこ 正確 検温 検温器 大人 子供 赤ちゃん ベビー 小学校 幼稚園 保育園 入園 入学 非接触 型 体温計 医療用 JPD Fr コンパクト 測定 ピンク グリーン 体温 計測 面倒 購入 一瞬 測れる 嬉しい グスケット 抱っこ紐 公式 レビュー 特典 付き 簡単 コンパクト 超軽量 パパママ 家族 男女 兼用 セカンド 抱っこひも ヒップ シート スリング 腰 すわり kg 通園 テーマ パーク 旅行 ヒョウ柄 カラバリ 色 gooseket ベビーカー チャイルド シート 併用 ママ友 持つ 高品質 評価 フロッキー ネーム 単色 カット 済み アイロン シール 付け 超 強力 洗濯 耐性 送料 無料 ミニクリアファイル 付 シール フロッキー 防水 保育園 小学校 タオル 布 タグ 靴下 布 ソックス アイロン 伸縮 乾燥機 介護 介護施設 シール 幼稚園 靴下 かわいい 仕上がる']"
2,1,22,1_アンケート_アメブロ_本音 楽しい 雑談 なる 嬉しい_些細 疑問 本音 楽しい,"['アンケート', 'アメブロ', '本音 楽しい 雑談 なる 嬉しい', '些細 疑問 本音 楽しい', 'リアル 聞く にくい 真剣 悩み', 'にくい 真剣 悩み 些細 疑問', '真剣 悩み 些細 疑問 本音', '聞く にくい 真剣 悩み', '聞く にくい 真剣 悩み 些細', 'バーチャル 喫茶店 リアル 聞く にくい']","['あいさつ 当店 ママ バーチャル 喫茶店 リアル 聞く にくい 真剣 悩み 些細 疑問 本音 楽しい 雑談 なる 嬉しい アメブロ 主に Instagram ストーリーズ 開催 アンケート 結果 まとめる アンケート 題 リクエスト マシュマロ 気軽 送る 匿名 受付 ジャンル 不問 過去 記事 アンケート 検索 ブログ フォロー 大 歓迎 ameba 登録 OK こんにちは ママ 喫茶 ぽて アメブロ 担当 あや 記事 更新 子ども デンタル フロス 使う 大人 使う 頻度 子育て ママ アンケート 聞く 結果 あいさつ 当店 ママ バーチャル 喫茶店 リアル 聞く にくい 真剣 悩み 些細 疑問 本音 楽しい 雑談 なる 嬉しい アメブロ Ameblo ぜひ チェック テーマ 夜 おむつ おすすめ フォロワー 質問 インスタ フォロワー アンケート 結果 共有 フォロワー 相談 内容 夜 オムツ おすすめ 今まで マミーポコ 夜 使う 股 漏れ 多い サイズ 変える メーカー 変える 迷う 愛用 メーカー 推し ポイント 複数 使う 経験 談 知る 結果 股 漏れ 多い コメント 紹介 DM パンパース 推し 多い 種類 選べる パンパース オムツ 夜 おやすみ パンツ パンパース おやすみ パンツ サイズ 合う 確認 ギャザー 立つ 位置 向き 確認 我が家 ずっと ムーニー 漏れる 種類 選べる オヤスミマン 男女 サイズ セット オヤスミマン おむつ トイレ ケアグッズ オムツ 回答 当 ブログ リンク リブログ 大 歓迎 ぜひ まわり プレママ ママ友 シェア いただける ありがたい 記事 どうぞ 本日 当 ブログ 人気 記事 ランキング スマホ 限定 フォロワー 聞く 紙おむつ 人気 ランキング リピ 買い 理由 聞く おむつ 買う ネット ドラスト コストコ ドンキ お買い得 ママ 聞く', 'あいさつ 当店 ママ バーチャル 喫茶店 リアル 聞く にくい 真剣 悩み 些細 疑問 本音 楽しい 雑談 なる 嬉しい アメブロ 主に Instagram ストーリーズ 開催 アンケート 結果 まとめる アンケート 題 リクエスト マシュマロ 気軽 送る 匿名 受付 ジャンル 不問 過去 記事 アンケート 検索 ブログ フォロー 大 歓迎 ameba 登録 OK こんにちは ママ 喫茶 ぽて アメブロ 担当 あや 記事 更新 外出先 おむつ替え 子ども 靴 置く 床 置く クリップ 挟む あいさつ 当店 ママ バーチャル 喫茶店 リアル 聞く にくい 真剣 悩み 些細 疑問 本音 楽しい 雑談 なる 嬉しい アメブロ Ameblo ぜひ チェック テーマ リビング おもちゃ スペース 子ども おもちゃ リビング 置く 置く リビング おもちゃ 子供部屋 インスタ フォロワー アンケート 結果 共有 フォロワー 相談 内容 こんにちは いつも 楽しい 拝見 子供 おもちゃ スペース 遊ぶ スペース 現在 リビング 約 くらい 子ども おもちゃ スペース 手狭 感ずる 子供 大きい リビング 子供部屋 別室 移動 思い切る おもちゃ 遊び 卒業 知る 環境 変える 何歳 くらい 変える 教える いただける 嬉しい 結果 子供 大きい 子供部屋 移動 多い コメント 紹介 おもちゃ 入れ替える 新鮮 味 出る 遊ぶ 言う 我が家 娘 小学生 タイミング 大きな おもちゃ 見直し 行う 家族 遊ぶ カード ゲーム リビング 不要 おもちゃ 全て 譲り 残す 言う 全て 子供部屋 おもちゃ 収納 IKEA ニトリ 人気 おもちゃ 収納 棚 どんな 使う トロファスト ユニット シェルフ おすすめ 聞く あいさつ 当店 ママ バーチャル 喫茶店 リアル 聞く にくい 真剣 悩み 些細 疑問 本音 楽しい 雑談 なる 嬉しい アメブロ Ameblo 友達 遊ぶ だり 手放す まだ おもちゃ 遊ぶ 卒業 息子 もちろん おもちゃ 卒業 カード 買う ごちゃごちゃ おもちゃ 見直し おもちゃ 買う 物 増やす 夫 反対 収納 処分 あいさつ 当店 ママ バーチャル 喫茶店 リアル 聞く にくい 真剣 悩み 些細 疑問 本音 楽しい 雑談 なる 嬉しい アメブロ Ameblo ぜひ 検討 倍 迄 絵本 ラック 絵本 棚 おもちゃ 収納 おもちゃ 収納 おもちゃ箱 本棚 幅 ブック ラック ブックシェルフ キッズ ラック 入れる スリム コンパクト おしゃれ 木製 子供部屋 suucu スーク 色 対応 回答 当 ブログ リンク リブログ 大 歓迎 ぜひ まわり プレママ ママ友 シェア いただける ありがたい 記事 どうぞ 本日 当 ブログ 人気 記事 ランキング スマホ 限定 前後 おもちゃ ぐらい 頻度 買う トミカ ガチャガチャ 均 おもちゃ リビング おもちゃ 夜 寝る 片付ける 子供 片付ける させる 親 片付ける', 'あいさつ 当店 ママ バーチャル 喫茶店 リアル 聞く にくい 真剣 悩み 些細 疑問 本音 楽しい 雑談 なる 嬉しい アメブロ 主に Instagram ストーリーズ 開催 アンケート 結果 まとめる アンケート 題 リクエスト マシュマロ 気軽 送る 匿名 受付 ジャンル 不問 過去 記事 アンケート 検索 ブログ フォロー 大 歓迎 ameba 登録 OK こんにちは ママ 喫茶 ぽて アメブロ 担当 あや 記事 更新 子ども 肌着 毎朝 着替える 取り替える そもそも 肌着 パジャマ 選択肢 あいさつ 当店 ママ バーチャル 喫茶店 リアル 聞く にくい 真剣 悩み 些細 疑問 本音 楽しい 雑談 なる 嬉しい アメブロ Ameblo ぜひ チェック テーマ 大人 服 洗う 先日 行く パジャマ 洗濯 頻度 アンケート 子供 パジャマ 洗濯 頻度 くらい 過ぎ 子供 洗濯 ママ 聞く あいさつ 当店 ママ バーチャル 喫茶店 リアル 聞く にくい 真剣 悩み 些細 疑問 本音 楽しい 雑談 なる 嬉しい アメブロ Ameblo 大人 服 洗う 質問 インスタ フォロワー アンケート 結果 共有 フォロワー 相談 内容 着る 洗う 洗う 大人 服 洗う 洗う 日中 着る 服 洗う 洗う 理由 知る 結果 洗う 少し 多い コメント 紹介 大人 服 洗濯 花粉 時期 汗 乾く にくい 分厚い ニット 着る 出る ど 変わる 回答 当 ブログ リンク リブログ 大 歓迎 ぜひ まわり プレママ ママ友 シェア いただける ありがたい 記事 どうぞ 本日 当 ブログ 人気 記事 ランキング スマホ 限定 柔軟剤 使う お気に入り 教える さらす ハミング レノア おすすめ 聞く 洗濯機 回す 朝 or 夜 多い 子育て ママ アンケート 聞く']"
3,2,22,2_トミカ_経る 誕生_都内 在住_息子 稽留 流産 不妊 治療,"['トミカ', '経る 誕生', '都内 在住', '息子 稽留 流産 不妊 治療', '息子 稽留 流産 不妊', '不妊 治療 体外 受精 妊娠', '流産 不妊 治療 体外 受精', '稽留 流産 不妊 治療 体外', '第一子 息子 稽留', 'hina']","['訪問 hina 都内 在住 アラフォー 奇跡 転職 経る フルタイム勤務 第一子 息子 稽留 流産 不妊 治療 体外 受精 妊娠 血圧 症候群 経る 誕生 男の子 調節 斜視 診断 治療 眼鏡 装着 第二子 娘 臍帯 辺縁 付着 妊娠 糖尿病 判明 インスリン 注射 打つ 管理 経る 誕生 女の子 こんにちは ワーママ 崖っぷち 転職活動 少し 振り返る ワーママ 転職活動 完 訪問 hina 都内 在住 会社員 現在 時短勤務 第一子 息子 稽留 流産 不妊 治療 体外 受精 妊娠 血圧 症候群 経る Ameblo 末 半 職場復帰 娘 歳児 クラス 保育園 一瞬 職場復帰 即 産休 もはや ノーカウント そ 部署異動 降格 言い渡す 降格 理由 聞く 明確 返答 そんなこんな 転職 ずっと 迷う 決意 賞与 明細 見る 衝撃 価格 怒り 震え 会社 時短勤務 子供 制限 働き方 限り ずっと 評価 会社 まず 近い 同僚 連絡 後半 女性 子持ち 都内 在住 会社 出身者 転職活動 実態 聞く 価値 できるだけ 近い 参考 仮 年齢 子持ち 知る 大手企業 管理職 全然 価値 違う ネット 情報 正直 あんまり 参考 web デザイン 専門職 全然 違う 一概 言える 実際 知る 専門職 決まる やすい イメージ 書類 数えきれないほど 落ちる そもそも 書類 通う 社 面接 練習 エージェント 会社 転職 エージェント 条件 正直 見つかる 言う 決まる 絶対 条件 下げる 言う まず 茨 突き進む 気付かす 笑 とりあえず 登録 duda リクナビ ネクスト リクルート エージェント マイナビ 転職 マイナビエージェント 損保 ジャ ンキャリアビューロー スタンバイ サイト 限定 求人 登録 ちなみ 損保 ジャ ンキャリアビューロー 損 ジャ 系列 事務職 求人 扱う 前々職 損保 損 ジャ 金融機関 定時 一応 登録 結果的 金融機関 身バレ 思う 載せる 登録 職務 経歴書 自己 PR 書く めちゃくちゃ かかる 写真データ 必要 育休中 少し 考える とく 良い 後悔 育休中 考え いざ 登録 エージェント 面談 アポ 取り いろんな めちゃくちゃ 電話 来る なんせ 働く 子供 エージェント オンライン 面談 社 とにかく 電話 時間帯 エージェント 先日 応募 求人 残念 残念 年齢 言う ちーん 改めて 価値 知る 年齢的 最後 転職 つもり 焦る 条件 下げる 後悔 思う 絶対 条件 下げる 心 決める 夫 相談 思う 求人 見つける 夫 確認 Go サイン 出る エントリー 一人 求人 見る 性格 アバウト 記載 良い 解釈 焦り 条件 下げる しれる 内定 出る 家族 無理 意味 代わり 夫 Go サイン 出す 全面 協力 子供 寝る 業界 研究 SPI 勉強 面接 YouTube 見る エントリーシート 書く 夫 家事 全般 期間 書く 嫌い 夫 頑張る 保育園 連絡帳 たまに 書く 笑 最終的 志望 動機 読む もらう 意見 もらう 夫 人事 専門的 わかる せめて 客観的 伝わる 文字 通り 夫婦 協力 勝ち取る 内定 つづく', '訪問 hina 都内 在住 会社員 現在 時短勤務 第一子 息子 稽留 流産 不妊 治療 体外 受精 妊娠 血圧 症候群 経る 誕生 男の子 調節 斜視 診断 治療 眼鏡 装着 第二子 娘 臍帯 辺縁 付着 妊娠 糖尿病 判明 インスリン 注射 打つ 管理 経る 誕生 女の子 こんにちは 転職活動 忙しい アラフォー 辛い 転職活動 訪問 hina 都内 在住 会社員 現在 時短勤務 第一子 息子 稽留 流産 不妊 治療 体外 受精 妊娠 血圧 症候群 経る Ameblo 体調 崩す 発熱 翌日 解熱 目眩 歩ける 寝たきり 副鼻腔 炎 抗生剤 出る レベル 重症 頭痛 伴う きつい 花粉症 排卵 痛 排卵 痛い 近々 婦人科 予約 済み ストレス 歯 食いしばる 悪化 歯 痛い 過ぎる 頭痛 吐き気 催す 悲惨 週間 くらい 特に 食いしばる 歯痛 始まる 悲惨 発熱 以外 一応 仕事 行く 電車 寝る 閉じる 耐える 具合 土日 夫 フル 家事 くれる 子供たち 遊ぶ くれる 文句 言う 家事 くれる 料理 上手 旦那 良い 心 思う BLOG 見かける 家事 くれる 旦那 絶対 無理 そんなこんな SPI 勉強 全然 進む なにせ 仕事 以外 活字 見る 厳しい 今日 ようやく 体調 マシ ただ さえ 週間 体調不良 無駄 しまう SPI さえ 通過 出来る 面接 たどり着ける 未来 見える ママ友 育休 復帰 フルタイム 復帰 らしい 片道 半 在宅勤務 なおかつ 夜勤 うっ ひ ょ ー スケジュール 聞く パパママ 倒れる 終わる かんじ キツい すぎ 考える 在宅 恵まれる 思う 頑張る こども 進級 担任 変わる 新しい 友だち 増える 少し 心 ザワザワ 頑張る 登園 くれる 末 保育園 買い物 ごっこ コ マ 電機 黒 ベスト 着る パソコン 売る 保育園 保護者 ライン グループ 膨大 写真 無料 くれる 個人情報保護 観点 今春 有料 っけ つら', '訪問 hina 都内 在住 会社員 現在 時短勤務 第一子 息子 稽留 流産 不妊 治療 体外 受精 妊娠 血圧 症候群 経る 誕生 男の子 調節 斜視 診断 治療 眼鏡 装着 第二子 娘 臍帯 辺縁 付着 妊娠 糖尿病 判明 インスリン 注射 打つ 管理 経る 誕生 女の子 こんにちは ついに 感染症 休み 連発 訪問 hina 都内 在住 会社員 現在 時短勤務 第一子 息子 稽留 流産 不妊 治療 体外 受精 妊娠 血圧 症候群 経る Ameblo 引き続く やる 笑 アデノウイルス 正直 ピン 甘い 見る 間違い 手洗い 入念 つもり 素手 対応 やら 菌 付着 触る 真っ赤 最初 花粉症 時期 早め なー なんて 思う 明らか 花粉症 違う 症状 赤い 真っ赤 痛み 眼科 駆け込む 案の定 アデノウイルス 結膜炎 短い 週間 長い 週間 くらい かかる 言う 目薬 処方 身体 だるい なぁ 思う 熱 出る 結膜炎 済む でる 目薬 貰う 随分 症状 緩和 在宅勤務 問題 出来る 欠勤 救い ただ 移る 出勤 言う 在宅勤務 早 週間 やっぱり フル 在宅 家事 捗る 仕事 づらい 保育園 親 感染症 玄関 対応 園 入れる インターホン 押す 先生 出る もらう 支度 先生 くれる 夫 夫 願う タイミング 夜勤 朝 先生 少ない 忙しい 時間帯 玄関 対応 依頼 気まずい 過ぎる しかも 東京 大雪 今日 既に 週間 出勤 さっき オンライン 会議 上司 あべの ハルカス 出勤 聞く 上司 ばりばり 関西弁 自覚 症状 だいぶ マシ 今日 仕事 終わる 眼科 行く みる さすが そろそろ 出勤 いろんな 意味 在宅勤務 限界 ブロ 友 紹介 福音館書店 本 早速 借りる']"
4,3,21,3_子連れ 世界_双子_兄弟 育てる_兄弟 育てる ワーママ,"['子連れ 世界', '双子', '兄弟 育てる', '兄弟 育てる ワーママ', '双子 兄弟 育てる', '双子 兄弟', '双子 兄弟 育てる ワーママ', '子連れ', '世界', '育てる ワーママ']","['年長 双子 兄弟 育てる ワーママ ごくごく 普通 会社員 共働き 家庭 子連れ 世界 主に 旅 書く 世界 仕事 費用 まとめる 子連れ 世界 あれこれ 息子 双子 兄弟 育てる ワーママ 子連れ 世界 至る 経緯 費用 心境 まとめる 仕事 問題 我が家 会社員 Ameblo フォロー 嬉しい 自己 紹介 自己 紹介 絶賛 不妊 治療 体外 受精 授かる ちょっと 経つ 気持ち 湧く Ameblo 今日 クレジットカード 明細 見る アメリカ 滞在 費用 すごい ディズニー 行く あの 円安 ピーク ドル 超え 約 週間 滞在 相当 金額 震 NY 相当 高い 子連れ 世界 Day 衝撃 NY 物価 息子 双子 兄弟 育てる ワーママ ごくごく 普通 会社員 共働き 家庭 子連れ 世界 主に 旅 書く Ameblo LA ファミレス 会計 見る 椅子 転げ落ちる 思う 笑 子連れ 世界 Day 物価 怯える アメリカ 滞在 息子 双子 兄弟 育てる ワーママ ごくごく 普通 会社員 共働き 家庭 子連れ 世界 主に 旅 書く Ameblo 帰国後 知人 話す 円安 時期 海外旅行 行ける 言う 思う ただ 円安 時期 海外 行く 楽しむ コツ 見つける 円安 アトラクション 思う じゃ そりゃ 思う 思考法 結構 効く 思う 都市 回る 終盤 ベルギー ロンドン NY LA ハワイ 日本 倍 くらい 体感 凡人 サラリーマン 家庭 我が家 日常 感覚 持つ 臨む 高い 感ずる 飲食 買い物 楽しめる 常 罪悪感 伴う 状態 感ずる せっかく 旅 罪悪感 伴う 過ごす 嫌 円安 一種 アトラクション 円安 アトラクション 楽しむ よい 結論 いう 無い 袖 振れる 都市 予算 決める おく 予算 使い切る OK ルール 本 ドジャー スタジアム ビール 高い 貴重 経験 無理矢理 捉える 笑 物価 高い NY 魅力的 街 円安 円安 言う 円安 進む しれる 為替 なんて 読める 行く 思う 行く かん ベスト なぁ 思う die with ZERO 影響 大きい 笑 die with ZERO 人生 豊か すぎる 究極 ルール ビル パーキンス 詳細 見る Amazon アマゾン 詳細 見る ただ アメリカ 圏 おむつ 値段 日本 倍 くらい 震 双子 枚数 どんな 頑張る アトラクション 思える ケチる くらい 安い メーカー 得 パック 値段 テープ タイプ 少し 安い 帰国 おむつ 気軽 変える あげる 嬉しい マラソン たんまり 買い込む 還元 ちょい 買える 素晴らしい 日本 おむつ 品質 良い 種類 選べる マミーポコパンツ オムツ ドラえもん マミーポコ マラソン おむつ 用品 秋服 買う ホワイトニングシートー 大学 時代 友達 おすすめ ホワイトニング 通う 聞く もらう 通う 大変 そこそこ 高い 継続 黄 ばむ 理由 シート 乗り換える 真っ白 通い 行く ホワイトニング 大差 コスパ 手軽い 考慮 シート ホワイトニング 圧勝 言う マラソン 期間中 クーポン 出る 買う 歯 年齢 重ねる 黄 ばむ 歯 白い 清潔 出る 化粧 うまい 髪 肌 綺麗 印象 決める 思う 程度 歯 白い 大事 思う この頃 フォロー 嬉しい', '年長 双子 兄弟 育てる ワーママ ごくごく 普通 会社員 共働き 家庭 子連れ 世界 主に 旅 書く 世界 仕事 費用 まとめる 子連れ 世界 あれこれ 息子 双子 兄弟 育てる ワーママ 子連れ 世界 至る 経緯 費用 心境 まとめる 仕事 問題 我が家 会社員 Ameblo 我が家 双子 双子 発達 感じる 年長 双子 兄弟 育てる ワーママ ごくごく 普通 会社員 共働き 家庭 子連れ 世界 主に 旅 書く Ameblo トイトレ まつ っ ったく 進む トイトレ ずっと 思う 長男 クラス 始める 夜 以外 OK 状態 くらい スケジュール 思う いかん 進む トイトレ 進む 理由 ただ 親 面倒 がる 夫 面倒 がる 夫婦 無職 絶好 チャンス さぁ バイト 行く アラフォー 無職 夫 始める 年長 双子 兄弟 育てる ワーママ ごくごく 普通 会社員 共働き 家庭 子連れ 世界 主に 旅 書く Ameblo トイトレ 期間中 おもらし 回数 増える 長男 結構 回数 リビング お漏らし トイレ おもらし 繰り返す 卒業 必要 ステップ わかる ては やる 考える 決意 揺らぐ ぅ ぅ ぅ よし 今日 やる 思う やっぱり 明日 言い訳 先送り 涙 一応 補助 便座 買う 座る 練習 まだ 親 覚悟 長男 愛用 男の子 おしっこ 散る よい 位 壁掛け フック 付 大人気 日本 発 ブランド piyo 補助 便座 専用 フック 付き 子供 トイレ 補助 便座 幼児 保証 幼児用 便座 トレーニング 取っ手 おまる ベビー ハンドル トイレ トレーニング 男の子 女の子 双子 おむつ なくなる おむつ 浮く おむつ どんどん 値 上がる 地味 痛い 家計 ありがたい 寒い 決着 おく 来年 ちゃう 思う 覚悟 決める', '年長 双子 兄弟 育てる ワーママ ごくごく 普通 会社員 共働き 家庭 子連れ 世界 主に 旅 書く 世界 仕事 費用 まとめる 子連れ 世界 あれこれ 息子 双子 兄弟 育てる ワーママ 子連れ 世界 至る 経緯 費用 心境 まとめる 仕事 問題 我が家 会社員 Ameblo 子連れ 世界 地域 まとめ 記事 バンコク 旅 通す 特に アジア 圏 痛感 気温 基本情報 抑える おく タイ 日本 近い 変わる 思う 行く めちゃくちゃ 暑い 超える 湿度 高い 暑さ 対策 バンコク 旅 もっと 楽しい 少し 後悔 バンコク 基本情報 メモ バンコク 基本情報 気温 年間 平均 気温 約 最も 暑い 時期 涼しい 時期 平均 気温 約 前後 雨季 雨季 期間 もっとも 雨 多い 乾季 雨 頻度 雨季 激しい スコール 短時間 止む 多い 人口 バンコク 人口 約 都市圏 含める 約 言語 公用語 タイ 語 英語 観光地 主要 商業 エリア 通じる 多い 言語 観光業 従事者 日本語 中国語 話せる 通貨 通貨 タイバーツ thb 主要 観光地 クレジットカード 広い 利用 可能 時差 日本 時差 服装 軽装 年間 通ずる 軽装 適する 寺院 訪れる 肩 覆う 服 長 ズボン フォーマル 服装 求める 注意事項 電圧 プラグ 形状 日本 タイプ もしくは タイプ 飲み水 水道水 飲む 良い ミネラルウォーター 使用 推奨 私たち 滞在 最も 暑い 時期 次男 全身 あせも だらけ バンコク 皮膚 軟膏 半分 なくなる 結構 大変 気温 大事 滞在 エアビー バンコク 滞在 ホテル エアビー 場所 トンロー 駅 最寄り 結構 歩く ホテル エアビー 使う 子連れ 快適 エアビー 圧勝 なんて 言う 広い バンコク エアビー 部屋 リビング 広い しかも 共用 スペース 公園 っぽい 子連れ ありがたい すぎる 遊ぶ 今日 宿 ゆっくり 思う 子ども 部屋 狭い 無理 部屋 広い エアビー 子どもたち 勝手に 遊ぶ くれる 多少 走り回る 問題 ないし ストレス フリー すぎる エアビー 詳細 場所 ホスト アメンバー 限定 記事 書く 子連れ 世界 利用 エアビー 詳細 児 母 ワーママ ブログ 子連れ 世界 編 Ameblo アメンバー 申請 記載 アメンバー 申請 年長 双子 兄弟 育てる ワーママ ごくごく 普通 会社員 共働き 家庭 子連れ 世界 主に 旅 書く Ameblo 移動手段 バンコク 移動 基本 電車 バンコク 結構 電車 行ける 場所 多い 印象 我が家 電車 お出かけ 電車 乗る 詳しい 感想 子連れ 世界 Day バンコク 電車 乗る 息子 双子 兄弟 育てる ワーママ ごくごく 普通 会社員 共働き 家庭 子連れ 世界 主に 旅 書く Ameblo ご飯 バンコク 暑さ へたる 積極的 おいしい ご飯 探す 涙 タイ 料理 基本 おいしい フード コート くらい 日本 リーズナブル 我が家 双子 騒ぐ フード コート 大 活躍 どの 夫 屋台 まったく 抵抗 屋台 飯 くらい ちょくちょく 利用 チャトチャックウイークエンドマーケット 隣 mixt chatuchak ショッピングモール フード コート 行く フード コート 食べる トムヤムクン 平日 ドリンク 杯 無料 もらえる フード コート 横 クイック マッサージ ゲーセン 子連れ 旅 使う 勝手 よい チャトチャックウイークエンドマーケット 基本 屋外 暑い フード コート ゆっくり 食べる よい kanom エッグ タルト タルト 美味しい 香港 発 お店 観光地 バンコク 王道 観光 思いつく ぶらぶら スタイル 暑い すぎる 次男 あせも HP 削る 子ども ものすんごい 喜ぶ 間違い バンコク 子供 博物館 詳細 記事 読む 欲しい バンコク 旅 子ども 大喜び 場所 息子 双子 兄弟 育てる ワーママ ごくごく 普通 会社員 共働き 家庭 子連れ 世界 主に 旅 書く Ameblo とにかく 最高 水着 持つ よい 後悔 中心 離れる 色んな 国籍 子どもたち 交流 微笑ましい 王道 観光地 経験 思う 小学校 低学年 くらい ドンピシャ はまる チャオプラヤ 川 クルーズ ツアー 個人 チケット 乗れる 公共交通機関 ボート 乗る ボート 十分 思う ただ いかん 暑い 暑い 暑い うるさい ごめん 優雅 ほど遠い 過酷 模様 記事 子連れ 世界 Day ボート 川 渡る 息子 双子 兄弟 育てる ワーママ ごくごく 普通 会社員 共働き 家庭 子連れ 世界 主に 旅 書く Ameblo おむつ 事情 バンコク おむつ 入る 日系 スーパー おおい メリーズ 普通 売る ただ メリーズ 日本 高い 涙 詳細 バンコク 来る 驚く 息子 双子 兄弟 育てる ワーママ ごくごく 普通 会社員 共働き 家庭 子連れ 世界 主に 旅 書く Ameblo おむつ替え コーナー 大きな ショッピングモール 基本 授乳 あんまり 見かける マーケット 小さな ショッピングモール おむつ替え コーナー 多い ベビーカー ゴロン 変える 物価 物価 くらい 行く 格段 上がる 日本 比べる くらい 安い 多い 印象 ざっ 調べる 外食 屋台 食事 食 約 バーツ 約 ローカル レストラン 食 約 バーツ 約 中級 レストラン 食 約 バーツ 約 高級 レストラン 食 約 バーツ 約 カフェ コーヒー 約 バーツ 約 日用品 ミネラルウォーター ml 約 バーツ 約 スナック 菓子 約 バーツ 約 シャンプー ボディ ソープ ボトル 約 バーツ 約 日焼け 止め ボトル 約 バーツ 約 ホテル バックパッカー 向け ホステル 泊 約 バーツ 約 中級 ホテル 泊 約 バーツ 約 高級 ホテル 泊 約 バーツ 約 交通 bts スカイ トレイン 乗車 約 バーツ 約 タクシー 初乗り 料金 約 バーツ 約 トゥクトゥク 交渉 制 乗車 約 バーツ 約 観光地 入場料 寺院 観光地 約 バーツ 約 体感 くらい 相場 日本 輸入品 高い 子どもたち ねだる 高額 買う 涙 子連れ 世界 Day 子どもたち 夢中 モノ 息子 双子 兄弟 育てる ワーママ ごくごく 普通 会社員 共働き 家庭 子連れ 世界 主に 旅 書く Ameblo 空港 スワンナプーム 国際 空港 使う 広い きれい キッズ プレイ スペース 場所 探す 限り 空港 食事 街中 倍 くらい マック セット くらい 記憶 タクシー 事情 バンコク uber grab 牛耳る gurab 使い方 uber ただ 日本語 未対応 英語 基本 呼ぶ 来る くれる 場所 わかる 途中 キャンセル マレーシア 文化 料金 高い 日本 タクシー 使う ちょっと 安い くらい まとめる バンコク 激暑 食事 おいしい 優しい 電車 きれい バンコク とっても 良い 街 ただ 行く よい バンコク 旅 記録 まとまる 世界 児 母 ワーママ ブログ 子連れ 世界 編 ブログ テーマ 世界 記事 一覧 ページ Ameblo']"
5,4,21,4_押す 全て_フェイク 事実_いつも 読む フォロー_フォロー 励み 押す 全て 内容,"['押す 全て', 'フェイク 事実', 'いつも 読む フォロー', 'フォロー 励み 押す 全て 内容', 'いつも 読む フォロー 励み 押す', 'フォロー 励み 押す', '励み 押す 全て 内容 フェイク', '押す 全て 内容 フェイク 事実', '全て 内容 フェイク 事実 無根', '無根']","['いつも 読む フォロー 励み 押す 全て 内容 フェイク 事実 無根 表現 信ずる アメンバー 現在 承認 コメント ブロ 友 アメンバー 承認 頂く 記事 一定期間 削除 無視 いつも 読む フォロー 励み 押す 全て 内容 フェイク 事実 無根 Ameblo 旦那 園長 先生 喧嘩 いつも 読む フォロー 励み 押す 全て 内容 フェイク 事実 無根 Ameblo 旦那 園長 先生 喧嘩 旦那 怒る わかる いつも 読む フォロー 励み 押す 全て 内容 フェイク 事実 無根 Ameblo 旦那 園長 先生 キレる いつも 読む フォロー 励み 押す 全て 内容 フェイク 事実 無根 Ameblo 保育園 嘘 いつも 読む フォロー 励み 押す 全て 内容 フェイク 事実 無根 Ameblo 謝る いつも 読む フォロー 励み 押す 全て 内容 フェイク 事実 無根 Ameblo 謝る いつも 読む フォロー 励み 押す 全て 内容 フェイク 事実 無根 Ameblo 主任 先生 出迎える くれる すっごい 睨む マジコイツ 園長 先生 苦笑い クレーマー 旦那 違う いつも お世話 色々 主人 聞く すむ まず 謝る そ ピタリ 嫌 雰囲気 なくなる 園長 先生 主人 怒る 言う 続ける 担任 娘 言う 嫌 気持ち 説明 意味 娘 向かう 言う 担任 確かめる 言う ただ 娘 嫌 気持ち 本 読む 納得 すむ 言う そ 園長 先生 担任 お母様 嫌 気持ち 本 読む 言う 勘違い 言う 担任 言う 思う 娘 言う お母様 向ける 言う 訳 ややこしい ややこしい すぎる する 娘 言う 言う 嫌 気持ち 言う 怒る 娘 嫌 先生 嫌 気持ち 本 読む 勘違い まず 直す 欲しい 論点 ズレる 保存 備蓄 保存 ml ケース 本 保存 可能 防災 グッズ 非常時 災害 対策 純水 軟水 国産 海洋深層水 送料 無料 赤ちゃん ミルク 子供 大人 車載 薬 服用 飲料水 備え 非常食 地震 自然 災害 長期 保存', 'いつも 読む フォロー 励み 押す 全て 内容 フェイク 事実 無根 表現 信ずる アメンバー 現在 承認 コメント ブロ 友 アメンバー 承認 頂く 記事 一定期間 削除 無視 いつも 読む フォロー 励み 押す 全て 内容 フェイク 事実 無根 Ameblo 旦那 園長 先生 喧嘩 いつも 読む フォロー 励み 押す 全て 内容 フェイク 事実 無根 Ameblo 旦那 園長 先生 喧嘩 旦那 怒る わかる いつも 読む フォロー 励み 押す 全て 内容 フェイク 事実 無根 Ameblo 旦那 園長 先生 キレる いつも 読む フォロー 励み 押す 全て 内容 フェイク 事実 無根 Ameblo 保育園 嘘 いつも 読む フォロー 励み 押す 全て 内容 フェイク 事実 無根 Ameblo 旦那 つまり お前 嘘 ぞ 噓 行く 来る 急 飛び出る 嘘つき 呼ばわり 噓 園長 先生 言う お前 ただ 喧嘩 限る 悪者 やら 嘘つき やら 尻拭い 保存 備蓄 保存 ml ケース 本 保存 可能 防災 グッズ 非常時 災害 対策 純水 軟水 国産 海洋深層水 送料 無料 赤ちゃん ミルク 子供 大人 車載 薬 服用 飲料水 備え 非常食 地震 自然 災害 長期 保存', 'いつも 読む フォロー 励み 押す 全て 内容 フェイク 事実 無根 表現 信ずる アメンバー 現在 承認 コメント ブロ 友 アメンバー 承認 頂く 記事 一定期間 削除 無視 いつも 読む フォロー 励み 押す 全て 内容 フェイク 事実 無根 Ameblo 旦那 園長 先生 喧嘩 いつも 読む フォロー 励み 押す 全て 内容 フェイク 事実 無根 Ameblo 旦那 園長 先生 喧嘩 旦那 怒る わかる いつも 読む フォロー 励み 押す 全て 内容 フェイク 事実 無根 Ameblo 旦那 園長 先生 キレる いつも 読む フォロー 励み 押す 全て 内容 フェイク 事実 無根 Ameblo 保育園 嘘 いつも 読む フォロー 励み 押す 全て 内容 フェイク 事実 無根 Ameblo 謝る いつも 読む フォロー 励み 押す 全て 内容 フェイク 事実 無根 Ameblo 一言 言う 旦那 大 嫌 いー 意味 もー アレン 風 そん くらい 意味 電話 旦那 園長 旦那 電話 意味 問題 必ず 園長 腰巾着 主任 先生 園長 聞く 話し合い 同席 腰巾着 先生 最近 主任 凄い 良い とりあえず 園長 先生 電話 伝える 応接間 通す 主任 閃光 鋭い 眼差し ヤンキー 絡む くらい 威圧的 ため息 宣戦 布告 保存 備蓄 保存 ml ケース 本 保存 可能 防災 グッズ 非常時 災害 対策 純水 軟水 国産 海洋深層水 送料 無料 赤ちゃん ミルク 子供 大人 車載 薬 服用 飲料水 備え 非常食 地震 自然 災害 長期 保存']"
6,5,21,5_同い年 共働き 夫婦_訪問 同い年 共働き_訪問 同い年_共働き 夫婦 出産 フルタイム勤務 ワーママ,"['同い年 共働き 夫婦', '訪問 同い年 共働き', '訪問 同い年', '共働き 夫婦 出産 フルタイム勤務 ワーママ', '同い年 共働き 夫婦 出産 フルタイム勤務', '共働き 夫婦 出産 フルタイム勤務', 'フルタイム勤務 ワーママ', '出産 フルタイム勤務 ワーママ', '同い年 共働き 夫婦 出産', '夫婦 出産 フルタイム勤務']","['訪問 同い年 共働き 夫婦 出産 フルタイム勤務 ワーママ 現在 育休中 マイホーム 新築 資産運用 早期 FIRE 目標 ワンオペ 育児 歳差 兄弟 育児 日々 奮闘 アメトピ 掲載 記事 切迫早産 自宅 安静 給料 事情 訪問 同い年 共働き 夫婦 出産 フルタイム勤務 ワーママ マイホー Ameblo 初対面 ママ 連絡先 聞く 訪問 同い年 共働き 夫婦 出産 フルタイム勤務 ワーママ マイホー Ameblo マイホーム 褒める 洗面所 唯一 後悔 こんにちは 訪問 同い年 共働き 夫婦 出産 フルタイム勤務 ワーママ Ameblo 今日 地元 お祭り 参加 ベビ ずーっと ベビーカー 大人しい 帰る 即 寝 息子 体調 すっかり 良い 朝 元気 いっぱい まさか 留学 初日 発熱 訪問 同い年 共働き 夫婦 出産 フルタイム勤務 ワーママ Ameblo トラブル 続き 保育園 留学 訪問 同い年 共働き 夫婦 出産 フルタイム勤務 ワーママ Ameblo 今日 隣 組 帰る ちゃう 明日 組 新しい 家族 保育園 留学 来る 先日 またまた セリア 買う 恐竜 グッズ 息子 直接 見る 言う セリア 爆買い アイテム 訪問 同い年 共働き 夫婦 出産 フルタイム勤務 ワーママ Ameblo またまた 買う 見事 恐竜 ばかり 息子 大 興奮 アイテム ビーズ アート シール 行く 見つける 瞬間 買う 選べる 売り場 種類 買う 早速 連日 ワンオペ 疲れ 溜まる 息子 解禁 細かい 作業 思う 意外 ハマる すごい 集中力 ビックリ 途中 休む 完成 息子 黙々 ベビ 昼寝 貴重 休息時間 完成 息子 好き プテラノドン トリケラトプス 几帳面 息子 らしい はみ出す 綺麗 仕上がる 剥がす シール 細かい 作業 好き お子さん めちゃめちゃ オススメ 残り 作る 楽しみ 息子 今度 パパ やる 言う たぶん 息子 こー ゆう 好き 思う アクア ビーズ ジュラシック ワールド アドベンチャー トランク AQ ビーズ バケツ 恐竜 大図鑑 セット エポック 社 玩具 おもちゃ クリスマスプレゼント 送料 無料 エポック 社 アクア ビーズ 昆虫 採集 セット AQ 手先 練習 集中力 維持 遊び たまに 取り入れる 思う 何回 追加 買う 行く 考える 最後 読む 下さる ルーム 始める', '訪問 同い年 共働き 夫婦 出産 フルタイム勤務 ワーママ 現在 育休中 マイホーム 新築 資産運用 早期 FIRE 目標 ワンオペ 育児 歳差 兄弟 育児 日々 奮闘 アメトピ 掲載 記事 切迫早産 自宅 安静 給料 事情 訪問 同い年 共働き 夫婦 出産 フルタイム勤務 ワーママ マイホー Ameblo 初対面 ママ 連絡先 聞く 訪問 同い年 共働き 夫婦 出産 フルタイム勤務 ワーママ マイホー Ameblo マイホーム 褒める 洗面所 唯一 後悔 こんにちは 訪問 同い年 共働き 夫婦 出産 フルタイム勤務 ワーママ Ameblo 勝手に 出産 レポ 終わる 思う まだ 途中 下書き 放置 早い レポ 書く 終える ブログ ジャンル 変更 出産 レポ 続き 無痛 分娩 出産 レポ 訪問 同い年 共働き 夫婦 出産 フルタイム勤務 ワーママ Ameblo 無痛 分娩 出産 レポ 訪問 同い年 共働き 夫婦 出産 フルタイム勤務 ワーママ Ameblo 無痛 分娩 出産 レポ 訪問 同い年 共働き 夫婦 出産 フルタイム勤務 ワーママ Ameblo 無痛 分娩 出産 レポ 夫 息子 分娩室 到着 子宮 続き レポ 陣痛 少し づつ 強い 下腹部 痛い 言う 生理痛 鈍痛 痛み 合わせる いきむ 担当 助産師 若い めちゃくちゃ 的確 いきむ タイミング 指示 くれる 助かる 長男 痛み 悶える まくる ようやく 先生 登場 しかも 苦手 先生 毎回 指名 院長 先生 午前中 来る くれる 出張 頑張る 爽やか 去る 先生 絶対 避ける 会陰 切開 言葉 トラウマ 会陰 切開 なるべく 医療 ミス 出産 トラウマ 訪問 同い年 共働き 夫婦 出産 フルタイム勤務 ワーママ マイホー Ameblo バース プラン 会陰 切開 嫌 書く ばかり 仕方ない 了承 ただ 切る 痛み 全く ナシ 陣痛 波 合わせる 何度 いきみ 助産師 頭 見える よー 最後 踏ん張り 次男 誕生 出る 下見 言う 出る 瞬間 拝める 正直 長男 余裕 色々 ビックリ しかも 長男 出る ドゥルン っ っ っ っ 全く 分かる 息子 抱っこ 夫 臍の緒 切る バース プラン 書く 胎盤 見る 要望 通り 見せる もらう レバー 塊 笑 息子 肉 言う 言葉 皆 爆笑 書く やっぱり 無痛 分娩 すごす ぎ ー 全然 痛い 長男 普通 分娩 経験 余計 思う 長い 続き 次回 レポ 今度 完結 最後 読む 下さる ルーム 始める', '訪問 同い年 共働き 夫婦 出産 フルタイム勤務 ワーママ 現在 育休中 マイホーム 新築 資産運用 早期 FIRE 目標 ワンオペ 育児 歳差 兄弟 育児 日々 奮闘 アメトピ 掲載 記事 切迫早産 自宅 安静 給料 事情 訪問 同い年 共働き 夫婦 出産 フルタイム勤務 ワーママ マイホー Ameblo 初対面 ママ 連絡先 聞く 訪問 同い年 共働き 夫婦 出産 フルタイム勤務 ワーママ マイホー Ameblo マイホーム 褒める 洗面所 唯一 後悔 こんにちは 訪問 同い年 共働き 夫婦 出産 フルタイム勤務 ワーママ Ameblo 先日 赤ちゃん 訪問 助産師 やり取り 産後 ケア 利用 すすめる 赤ちゃん 訪問 ビックリ 訪問 同い年 共働き 夫婦 出産 フルタイム勤務 ワーママ Ameblo とりあえず 利用 善し悪し 分かる 思い 今日 産後 ケア 来る 産後 初 ひとり 保育園 留学 行く 利用 ては 急遽 予約 取る 頂く 夫 仕事 休み 今日 息子 面倒 見る もらう 今日 無理 念願 保育園 留学 訪問 同い年 共働き 夫婦 出産 フルタイム勤務 ワーママ Ameblo 出産 クリニック 産後 ケア 施設 めちゃめちゃ 人気 産後 ケア 部屋 空く らしい 入院 棟 部屋 しかも 今日 緊急 帝王 切開 らしい ちょっと バタバタ うるさい 静か ベビ 預ける ゆっくり 数時間 滞在 思う 存分 ゆっくり 思う まだ ベビ 離れる くらい すでに 恋しい 夫 あやす すごい 笑う ベビ 一応 ミルク チャレンジ もらう 多分 無理 授乳 会える ついに 恐れる 哺乳瓶 拒否 訪問 同い年 共働き 夫婦 出産 フルタイム勤務 ワーママ Ameblo 飲む くれる 母 大喜び 追記 やっぱり 飲む WW 聞く ミルク 大丈夫 言う 授乳 楽しみ 昼 ごはん お腹 いっぱい 食べる 最後 読む 下さる ルーム 始める']"
7,6,21,6_まとめ コチラ_コチラ_妊娠_障害 体外 受精,"['まとめ コチラ', 'コチラ', '妊娠', '障害 体外 受精', '体外 受精 念願', '体外 受精 念願 第二子', '着床 障害 体外 受精', '着床 障害 体外 受精 念願', '障害 体外 受精 念願', '着床 障害 体外']","['着床 障害 体外 受精 念願 第二子 妊娠 出産 妊活 まとめ コチラ 妊婦 生活 出産 まとめ コチラ 娘 息子 育てる ワーママ 第三子 まさか 自然 妊娠 現在 妊娠 後期 妊娠 糖尿病 診断 妊娠 血圧 早い 剥 既往 ハイリスク 妊婦 ルーム コチラ こんにちは ついに 明日 なる ついに 妊娠 切迫早産 入院 思う 安心 緊急 入院 着床 障害 体外 受精 念願 第二子 妊娠 出産 妊活 まとめ コチラ 妊婦 生活 出産 まとめ コチラ 娘 息子 育てる ワーママ 第三子 Ameblo 切迫早産 入院中 診察 結果 着床 障害 体外 受精 念願 第二子 妊娠 出産 妊活 まとめ コチラ 妊婦 生活 出産 まとめ コチラ 娘 息子 育てる ワーママ 第三子 Ameblo 本日 nst 張り 多い 診察 もらう 切迫早産 悪化 子宮 頸管 短い mm 言う 明日 点滴 マグセント 少ない 予定 陣痛 or 破水 繋がる 言う わー ドキドキ 産まれる 問題 思う マグセント 副作用 つらい 子供 早い 会う やめ 出産 私的 全然 アリ ただ 怖い 帝王 切開 怖い 心 準備 まだ 整う 笑 ソワソワ 最大 OFF 日本製 産婦人科医 監修 授乳 ブラ sweet mommy 垂れる 防止 マタニティブラ 産後 連続 位 レビュー 件 ノンワイヤー 下着 シームレス まるで 素肌 フロント オープン コットン 大きい サイズ ナイトブラ 交換 可 サイズ 選び 安心 便 最大 OFF クーポン マタニティ レギンス リブ コットン 改良版 マタニティ レギンス パンツ スパッツ 大きい サイズ マタニティ ズボン レギンス パンツ リブレギンス 薄手 綿 妊婦 春夏 秋冬 ズボン マタニティ パンツ リブパンツ 助産師 母乳 専門家 作る ブラ 評価 授乳 ブラ マタニティブラ 垂れる 防止 マタニティ 下着 大きい サイズ ワンタッチ ブラジャー インナー 前開き フロント オープン 産後 産後 ノンワイヤー 日本 企業 正規品 フワリアル 旧 つむぎ ブラ 返品 交換 OK', '着床 障害 体外 受精 念願 第二子 妊娠 出産 妊活 まとめ コチラ 妊婦 生活 出産 まとめ コチラ 娘 息子 育てる ワーママ 第三子 まさか 自然 妊娠 現在 妊娠 後期 妊娠 糖尿病 診断 妊娠 血圧 早い 剥 既往 ハイリスク 妊婦 ルーム コチラ おはようございます 今日 妊婦 健診 結果 書く 妊娠 糖尿病 入院 着床 障害 体外 受精 念願 第二子 妊娠 出産 妊活 まとめ コチラ 妊婦 生活 出産 まとめ コチラ 娘 息子 育てる ワーママ 第三子 Ameblo 妊娠 糖尿病 退院 着床 障害 体外 受精 念願 第二子 妊娠 出産 妊活 まとめ コチラ 妊婦 生活 出産 まとめ コチラ 娘 息子 育てる ワーママ 第三子 Ameblo 妊娠 糖尿病 日間 管理 入院 退院後 初 妊婦 健診 血糖値 測定 入院 ドキドキ 受診 結果 先生 食事 管理 分割 食 ちゃんと 聞く 程度 いつも 通り 妊婦 健診 体重 妊娠 プラス キロ 赤ちゃん 約 成長 曲線 ど 真ん中 退院 お腹 張り ひどい 切迫 怖い 相談 子宮 頸管 長 測定 もらえる くらい 切迫 気味 怖い 本日 エコー 結果 着床 障害 体外 受精 念願 第二子 妊娠中 予定日 妊活 まとめ コチラハイリスク 妊婦 こんにちは 入院 生活 Ameblo 恐れる 妊娠 血圧 明日 管理 入院 着床 障害 体外 受精 念願 第二子 妊娠中 予定日 妊活 まとめ コチラハイリスク 妊婦 こんにちは 今日 妊娠 突 Ameblo 妊娠 血圧 管理 入院 まだ 血圧 安定 大丈夫 バイアスピリン 効果 自宅 安静 心がける 帝王 切開 無事 自宅 過ごせる マタニティ レギンス リブ コットン 改良版 マタニティ レギンス パンツ スパッツ 大きい サイズ マタニティ ズボン レギンス パンツ リブレギンス 薄手 綿 妊婦 春夏 秋冬 ズボン マタニティ パンツ リブパンツ 位 保育士 推薦 ヒップ シート 抱っこ紐 抱っこひも だっこひも だっこ 滑り止め 付 バッグ ウエストポーチ 赤ちゃん プレゼント plaisiureux プレジュール クーポン OFF メール便 シアー シャツ レディース トップス 長袖 ノアル SALE 予約 アイボリー SF ベージュ ピンク SF グレージュ SF 営業日 発送', '着床 障害 体外 受精 念願 第二子 妊娠 出産 妊活 まとめ コチラ 妊婦 生活 出産 まとめ コチラ 娘 息子 育てる ワーママ 第三子 まさか 自然 妊娠 現在 妊娠 後期 妊娠 糖尿病 診断 妊娠 血圧 早い 剥 既往 ハイリスク 妊婦 ルーム コチラ こんにちは 一昨 緊急 入院 血圧 あがる 強い お腹 張り 腹痛 受診 切迫早産 診断 点滴 保つ 副作用 つら っ 余裕 ブログ 更新 退院後 はじめて 妊婦 健診 着床 障害 体外 受精 念願 第二子 妊娠 出産 妊活 まとめ コチラ 妊婦 生活 出産 まとめ コチラ 娘 息子 育てる ワーママ 第三子 Ameblo 妊娠 糖尿病 退院 着床 障害 体外 受精 念願 第二子 妊娠 出産 妊活 まとめ コチラ 妊婦 生活 出産 まとめ コチラ 娘 息子 育てる ワーママ 第三子 Ameblo 妊娠 糖尿病 入院 着床 障害 体外 受精 念願 第二子 妊娠 出産 妊活 まとめ コチラ 妊婦 生活 出産 まとめ コチラ 娘 息子 育てる ワーママ 第三子 Ameblo']"
8,7,20,7_またり_死産_にこ_死産 経験,"['またり', '死産', 'にこ', '死産 経験', '妊活 再開', '居る', '死産 経験 元気', '元気 我が 産む', '死産 経験 元気 我が', '経験 元気 我が 産む']","['またり 息子 居る 一昨 年上 夫 再婚 去年 死産 経験 元気 我が 産む 去年 妊活 再開 今年 元気 男の子 出産 育児 記録 よろしく 願う こんにちは またり 久々 更新 今日 今日 忘れる なぜ 高温 期 今日 朝 妊娠 検査 薬 またり 去年 夫 再婚 今年 死産 経験 元気 我が 産む 妊活 再開 息子 居る Ameblo 記事 通り 妊娠 検査 薬 陽性 反応 出る 死産 経験 妊活 再開 初めて 出る 陽性 反応 ずっと ずっと 待ち望む あの きっと 絶対 忘れる 生理 予定日 生理 週間 経つ 妊娠 検査 薬 陽性 排卵 さえ 落ち込む 周期 薄ら 幻 見える 徐々 濃い 薄い 昨日 思い出せる 先程 書く 去年 妊娠 目前 死産 予定日 迎える ちょっと 笑える 死産 思い出す 苦しい 元気 産む あげる 悲しい 心 ずっと 雨 降る 気持ち 来る くれる 陽性 反応 小さな 小さな 命 死産 流産 来る くれる 赤ちゃん 海外 レインボー ベイビー 呼ぶ 通り 心 虹 架ける くれる お腹 赤ちゃん 虹 来る 書く 虹 にこ すけ 呼ぶ お腹 こす けが 居る 思う 強い 迎える 大きい すけ 先日 迎える 成長 ビックリ 程 早い すけ すわる 早い 昨日 寝返り 産まれる 変わる 家族 心 繋ぐ くれる 虹 存在 変わり にこ すける ママ 来る くれる 一緒 成長 ちなみ ママ 乳腺炎 絶賛 発熱 週間 乳腺炎 嫌 ちまう 痛み 今日 知れる まとめる おっぱい 痛い', 'またり 息子 居る 一昨 年上 夫 再婚 去年 死産 経験 元気 我が 産む 妊活 再開 終わり 授かる 予定日 今年 妊娠 記録 よろしく 願う おはようございます またり 予定日 誘発 分娩 執行 自然 陣痛 来る 待つ やはり まだ 来る 子宮 押す キューっ 続く にこ すけ 下がる くれる 少し 子宮口 開く くれる いる 良い 全然 変わる きっと 泣く ぞ 絶賛 ソワソワ 期 妊活 何回 訪れる 真っ最中 今日 去年 妊活 振り返り 書く 完結 めちゃくちゃ 今更 去年 妊活 妊娠 振り返り 出産 完結 おく 思う 妊娠 周期 妊活 不妊 検査 妊娠 周期 タイミング 振り返る 去年 妊活 妊娠 振り返る 死産 妊活 またり 息子 居る 一昨 年上 夫 再婚 去年 死産 経験 元気 我が 産む 妊活 再開 Ameblo 去年 妊活 妊娠 振り返る 手術 検査 またり 息子 居る 一昨 年上 夫 再婚 去年 死産 経験 元気 我が 産む 妊活 再開 Ameblo 去年 妊活 妊娠 振り返り 妊娠 周期 タイミング またり 息子 居る 一昨 年上 夫 再婚 去年 死産 経験 元気 我が 産む 妊活 再開 Ameblo やっと どの 妊娠 至る 書く おく 思う 最初 書く おく すんなり 妊娠 分かる 排卵 週間 遅れる 高温 期 思う ようやく 陽性 反応 出る 何度 フライング ダメ 何度 思う 日々 振り返る 書く 思う 妊娠 発覚 日々 旦那 精索 静脈瘤 手術 妊活 周期 タイミング 取れる 迎える 高温 期 早い 薄ら 陽性 反応 出る 始める いつも ドキドキ 排卵 思う 全然 体温 上がる 妊娠 初期症状 一切 無い 検査 ダメ なぁ 思う 案の定 結果 思いっきり 陰性 日々 続く 高温 期 フライング またり 去年 夫 再婚 今年 死産 経験 元気 我が 産む 妊活 再開 息子 居る Ameblo 高温 期 ソワソワ 期 またり 去年 夫 再婚 今年 死産 経験 元気 我が 産む 妊活 再開 息子 居る Ameblo 気付く 生理 予定日 高温 期 体温 上がる またり 去年 夫 再婚 今年 死産 経験 元気 我が 産む 妊活 再開 息子 居る Ameblo 普段 生理 予定日 通り 生理 来る もし 思う 検査 陰性 検査 薬 週間 使用 推奨 妊娠 反応 出る おかしい 時期 ショック 生理 来る 悶々 日々 続く 何度 検査 薬 使う 真っ白 陰性 生理 予定日 不妊 検査 予約 入る 産婦人科 行う 生理 来る 診察 次回 見送る 泣く 帰る 車 ウィンカーレバー 掛ける 子宝 守り 握りしめる ゆず 栄光 架橋 聴く 号泣 日々 様子 コチラ 高温 期 来る またり 去年 夫 再婚 今年 死産 経験 元気 我が 産む 妊活 再開 息子 居る Ameblo 高温 期 想像 妊娠 またり 去年 夫 再婚 今年 死産 経験 元気 我が 産む 妊活 再開 息子 居る Ameblo 高温 期 進める またり 去年 夫 再婚 今年 死産 経験 元気 我が 産む 妊活 再開 息子 居る Ameblo 迎える 高温 期 今まで 低い 体温 急 上がる 始める もし 排卵 遅れる 高温 期 思う 始める 高温 期 思う またり 去年 夫 再婚 今年 死産 経験 元気 我が 産む 妊活 再開 息子 居る Ameblo 上がる 続ける 体温 気付く 生理 予定日 週間 過ぎる 普通 妊娠 検査 薬 フライング 期間 突入 試し 検査 薬 使う 真っ白 陰性 ただ この頃 原因 不明 気持ち 悪い 風邪 っぽい 症状 出現 想像 妊娠 勘ぐる フライング 卒業 妊娠 検査 薬 またり 去年 夫 再婚 今年 死産 経験 元気 我が 産む 妊活 再開 息子 居る Ameblo 妊娠 発覚 フライング 検査 陰性 くらう 次の日 最後 奇跡 起きる 妊娠 検査 薬 出る 苦手 付ける 高温 期 今日 朝 妊娠 検査 薬 またり 去年 夫 再婚 今年 死産 経験 元気 我が 産む 妊活 再開 息子 居る Ameblo 普通 高温 期 あたる 数える 直す 高温 期 朝 トライ 最初 真っ白 やっぱり ダメ 思う 見る 薄ら 見える 幻覚 思う 経つ つれる 見える コチラ 今まで ずっと 右側 終了 薄ら 出る 涙 溢れる ちなみ 最初 ほんと 真っ白 見える 経つ 写真 ぐらい 濃い 驚き 通勤中 旦那 電話 検査 突然 泣く 出す 旦那 生理 来る 思う 記事 書く 早とちり またり 去年 夫 再婚 今年 死産 経験 元気 我が 産む 妊活 再開 息子 居る Ameblo 高温 期 消える またり 去年 夫 再婚 今年 死産 経験 元気 我が 産む 妊活 再開 息子 居る Ameblo 飲む 薬 検査 薬 陽性 出る 産院 来る 言う 行く まだ 早い すぎる 産院 検査 薬 ハッキリ 陽性 反応 出る 早とちり 焦る 先生 見る 瞬間 出る 言う くれる 内診 もらう 子宮 厚い 妊娠 もちろん まだ 胎嚢 見える すごい 嬉しい 週間 無事 胎嚢 確認 高温 期 昨日 受診日 またり 去年 夫 再婚 今年 死産 経験 元気 我が 産む 妊活 再開 息子 居る Ameblo ドキドキ ヒヤヒヤ 不安 尽きる 過ごす 無事 臨月 辿り着く 臨月 どころ 予定日 週間 切る 最後 長々 書く 妊娠 過程 見る もらう 分かる 妊活 妊娠 起こる 分かる 高温 期 フライング 検査 ダメ 思う 週間 陽性 変わる しれる 期待 良い 思う 生理 血 見る 諦める 良い 思う 浮かび上がる 色んな もし 期待 素直 受け入れる 周期 最後 前向き 居る 良い 思う 前向き 居る 生理 来る 余計 辛い 知る どうせ 周期 信ずる あげる 託す 良い 思う 出産 妊活 期間中 振り返る 改めて お腹 命 大切 気付かす 旦那 病院 先生 看護師 協力 掴む 奇跡 産声 聞く 不安 尽きる 奇跡 手放す 大切 大切 育む 思う 産まれる にこ すく 教える あげる 思う 奇跡 かたまり 長い しまう 読む 読む 皆 奇跡 訪れる 心 祈る 奇跡 しっかり 産む みせる 陣痛 怖い 更なる 奇跡 信ずる', 'またり 息子 居る 一昨 年上 夫 再婚 去年 死産 経験 元気 我が 産む 妊活 再開 終わり 授かる 予定日 今年 妊娠 記録 よろしく 願う こんにちは またり 予定日 息子 カウントダウン くれる 予定日 言う 昨日 書く 通り 恐怖 内診 グリグリ 陣痛 またり 息子 居る 一昨 年上 夫 再婚 去年 死産 経験 元気 我が 産む 妊活 再開 Ameblo 予定日 当日 入院 計画 誘発 分娩 行う タイムリミット ほんと 昨日 記事 不意 打ち 内診 グリグリ 喰らう 陣痛 らし 定期的 痛み 来る 産院 行く 前駆 陣痛 帰す 書く 今日 起きる 定期的 来る 痛み なくなる もし 夜 陣痛 期待 全然 昨日 内診 グリグリ 頻繁 張り さえ 今日 行く もっと 昨日 張る 歩く 動く 良い たー 今朝 頑張る オロナミン 飲む 程 歩く 帰る お腹 痛い トイレ 痛み 下がる 赤子 便 スッキリ 良い 汚い すむ やっぱり なかなか 産まれる 入院 誘発 分娩 去年 死産 バルーン 薬 使う 誘発 分娩 まさか バルーン 使う 思う 震える 昨日 健診 子宮口 全然 開く 赤ちゃん 頭 まだ 高い 位置 言う 子宮口 開く にこ すく 降りる くれる ネット 子宮 ガチガチ 赤ちゃん 降りる 検索 子宮 ガチガチ 赤ちゃん 高い 位置 居る 難産 方程式 見付ける しまう 余計 怖い 読む 不安 気持ち ごめん なさる 予定日 入院 カウントダウン まだ 大丈夫 思える しれる 残す 間違い 限る 子宮口 開く こす けが 降りる なんて 不安 余計 大きい 昨日 焦り イライラ 旦那 思いっきり 八つ当たり 旦那 いつも サンドバッグ すむ 今日 逆 吹っ切れる コメダ モーニング ダメ ダメ 託する やる ごめん ほんと めちゃくちゃ 怖い 日間 自然 陣痛 来る 気長 待つ 入院 カウントダウン 怖い にこ すく 会える 週間 無事 産まれる 笑う 頑張る いう 息子 お産 健診 子宮口 開く 降りる 言う 記憶 息子 予定日 高位 破水 促進剤 使う 出産 やはり 降りる かかる 産まれる 息子 見る 臍の緒 巻きつく 原因 なかなか 降りる 言う にこ すく 臍の緒 巻きつく 無事 産まれる']"
9,8,20,8_ふるさと納税 まとめ_ふるさと納税_まとめ_妊活,"['ふるさと納税 まとめ', 'ふるさと納税', 'まとめ', '妊活', '夫婦 好き 家事 料理', '暮らす コスパ 良い 好き', '暮らす コスパ', '節約 楽しい', '料理 節約', '夫婦 好き']","['結婚 妊活 夫婦 好き 家事 料理 節約 楽しい 暮らす コスパ 良い 好き 物 買う じっくり 考える 派 過去 記事 結婚指輪 婚約指輪 新婚旅行 妊活 始める 一昨 ふるさと納税 まとめ 去年 ふるさと納税 まとめ 今年 ふるさと納税 まとめ 集中 結婚 パーティー 準備 まとめ 入居 経つ ずっと 腹 立つ はじまり 引き渡し 週間 工務店 現場 監督 実 作業 明らか 昨日 駐車場 ひび割れ 見つかる ひび割れ あー 直す くれる 私たち 普段 防犯 カメラ 作業 見る いただける 隣 大規模 分譲 行う 予定 工事 行う ショベルカー 駐車場 ガコン あたる ショベルカー 降りる 駐車場 確認 映像 写る 隣 工事 業者 駐車場 壊す 周り 囲む ブロック 割れる ブロック 駐車場 切り離す しまう ちょっと さー 信ずる 笑 バレる レベル 次の日 大雨 降る 駐車場 流れる 工務店 曰く 駐車場 部分 駐車 危険 最悪 車 転倒 恐れ 言う 工務店 隣 業者 伝える 映像 見せる 相手 認める ただ 工務店 アドバイス 私たち 後日 業者 トイレ ライト ペンダント ライト 電気 照明 シーリング ライト 灯 シーリング ライト 電気 おしゃれ アンティーク レトロ ガラス クラシック ヨーロピアン シャンデリア 玄関 トイレ ダイニング キッチン 天井 照明 LED lorrez ロレエ ペンダント ライト 灯 silmu シリム pelata ペラタ 北欧 照明 おしゃれ ガラス 天井 照明 ダイニング 食卓 間接 照明 ガラス シェード LED キッチン かわいい 照明 器具 階段 寝室 トイレ 廊下 リビング シーリング ライト レトロ kakko 洗面所 ポイント 倍 オーダー サイズ 注文 可能 ハンギングバー ゴールド アイアンバー ランドリーバー 洋服 掛け インダストリアル 洋服 掛け ハンガー ラック 日本製 インダストリアル 洋服 収納 ハンガー ラック 物干し インダストリアル 可愛い 大きさ オーダー 妊活 ランキング 結婚 生活 ランキング 買い物 ポイント 貯まる ポイント サイト オススメ 紹介 コード kdwa ポイント もらえる ぜひ', '結婚 妊活 夫婦 好き 家事 料理 節約 楽しい 暮らす コスパ 良い 好き 物 買う じっくり 考える 派 過去 記事 結婚指輪 婚約指輪 新婚旅行 妊活 始める 一昨 ふるさと納税 まとめ 去年 ふるさと納税 まとめ 今年 ふるさと納税 まとめ 集中 結婚 パーティー 準備 まとめ 今日 おやつ ドーナツ ドーナツ 好き なぁ 続き マイホーム 完成 ブチ切れる 結婚 妊活 夫婦 好き 家事 料理 節約 楽しい 暮らす コスパ 良い 好き 物 買う じっくり 考える 派 Ameblo 相手方 話す 工務店 アドバイス 流れる 入れる ブロック 積む 駐車場 全て コンクリート 取り除く 入れる 圧 コンクリート 敷き直す 良い 工事期間 隣 敷地内 駐車スペース 確保 もらう 良い 言う 駐車スペース 縦 入れる 奥 スペース 元々 横幅 狭い 軽 ぎりぎり 停まる くらい スペース スペース 完全 使える 工務店 アドバイス 通り 言う 思う 話し合い 来る 相手方 工事 行う 業者 責任者 現在 土地 持ち主 分譲 行う 会社 担当者 来る 酒 臭い 午前中 前日 酒 残る しれる 相手方 謝罪 入れる ブロック 積む 直す 言う やっぱり 適当 工事 思う 対する 工務店 アドバイス 受ける 通り 欲しい 伝える 加える 伝える 工務店 防犯 カメラ 映像 見せる もらう 残念 思う 壊す 言う くれる 大人 謝る 働く 会社 工事 嫌 抜く 見える 適当 工事 信用 工務店 連絡 取る 通り 工事 工務店 チェック 後々 コンクリート ひび割れる 補償 工務店 思う 必ず 通す 言う 工務店 アドバイス 通り 駐車場 隣 敷地 確保 欲しい 伝える 隣 敷地 ネット 張る 隣 部分 ネット 避ける 停める 思う トイレ ライト ペンダント ライト 電気 照明 シーリング ライト 灯 シーリング ライト 電気 おしゃれ アンティーク レトロ ガラス クラシック ヨーロピアン シャンデリア 玄関 トイレ ダイニング キッチン 天井 照明 LED lorrez ロレエ ペンダント ライト 灯 silmu シリム pelata ペラタ 北欧 照明 おしゃれ ガラス 天井 照明 ダイニング 食卓 間接 照明 ガラス シェード LED キッチン かわいい 照明 器具 階段 寝室 トイレ 廊下 リビング シーリング ライト レトロ kakko 洗面所 ポイント 倍 オーダー サイズ 注文 可能 ハンギングバー ゴールド アイアンバー ランドリーバー 洋服 掛け インダストリアル 洋服 掛け ハンガー ラック 日本製 インダストリアル 洋服 収納 ハンガー ラック 物干し インダストリアル 可愛い 大きさ オーダー 妊活 ランキング 結婚 生活 ランキング 買い物 ポイント 貯まる ポイント サイト オススメ 紹介 コード kdwa ポイント もらえる ぜひ', '結婚 妊活 夫婦 好き 家事 料理 節約 楽しい 暮らす コスパ 良い 好き 物 買う じっくり 考える 派 過去 記事 結婚指輪 婚約指輪 新婚旅行 妊活 始める 一昨 ふるさと納税 まとめ 去年 ふるさと納税 まとめ 今年 ふるさと納税 まとめ 集中 結婚 パーティー 準備 まとめ こんにちは 昨日 昼 冷麺 続き マイホーム 完成 ブチ切れる 結婚 妊活 夫婦 好き 家事 料理 節約 楽しい 暮らす コスパ 良い 好き 物 買う じっくり 考える 派 Ameblo 引き渡し 工務店 担当 隣 責任者 電話 ちゅう 隣 会社 信用 工事 請け負う かかる 費用 相手方 請求 駐車場 件 コイン パーキング 借りる 費用 ちゅう 請求 もらう 隣 会社 負担 聞く あー 相手方 信頼 信用 工務店 アドバイス チェック 受ける 言う つもり ただ 工務店 お願い 私たち 嬉しい 忙しい しまう すむ コイン パーキング 件 初耳 出る コイン パーキング なんて 思う コイン パーキング ちゅう 希望 聞く あちら側 言う すごい 良い 工務店 もらう ずっと 安心 超 ラッキー コイン パーキング 意味 わかる 出る 実際 周り 住宅地 コイン パーキング コイン パーキング 歩く かかる あの 来る 現在 状況 書く 終わり 鏡 欲しい 位 スタンド ミラー ウェーブ ミラー 全身 鏡 壁掛け 全身 韓国 鏡 スタンド 壁 ミラー 姿見 鏡 おしゃれ ノンフレーム 軽量 一人暮らし 賃貸 新生活 インテリア 韓国 風 送料 無料 可愛い 宿泊施設 美容室 サロン 理容室 トイレ ライト ペンダント ライト 電気 照明 シーリング ライト 灯 シーリング ライト 電気 おしゃれ アンティーク レトロ ガラス クラシック ヨーロピアン シャンデリア 玄関 トイレ ダイニング キッチン 天井 照明 LED lorrez ロレエ ペンダント ライト 灯 silmu シリム pelata ペラタ 北欧 照明 おしゃれ ガラス 天井 照明 ダイニング 食卓 間接 照明 ガラス シェード LED キッチン かわいい 照明 器具 階段 寝室 トイレ 廊下 リビング シーリング ライト レトロ kakko 洗面所 ポイント 倍 オーダー サイズ 注文 可能 ハンギングバー ゴールド アイアンバー ランドリーバー 洋服 掛け インダストリアル 洋服 掛け ハンガー ラック 日本製 インダストリアル 洋服 収納 ハンガー ラック 物干し インダストリアル 可愛い 大きさ オーダー 妊活 ランキング 結婚 生活 ランキング 買い物 ポイント 貯まる ポイント サイト オススメ 紹介 コード kdwa ポイント もらえる ぜひ']"
10,9,20,9_サラ_女の子 ママ_こんにちは サラ_サラ 内面,"['サラ', '女の子 ママ', 'こんにちは サラ', 'サラ 内面', 'こんにちは サラ 内面 外見', '内面 外見 美しい モットー', 'サラ 内面 外見 美しい', '内面 外見 美しい', 'サラ 内面 外見', 'こんにちは サラ 内面']","['こんにちは サラ 内面 外見 美しい モットー 可愛い 大好き 女の子 ママ 生まれる OL 育休中 女の子 生まれ ママ ブルベ BRIGHT SUMMER 骨格 ウェーブ ピンク 大好き 宝物 エルメス ピンク ケリー 神 旦那 愛する 娘 日常 ファッション 料理 好き 書く 詳しい プロフィール 幸せ 女の子 ママ こんにちは サラ 内面 外見 美しい モットー 女の子 ママ 神 旦那 愛する ベビ 幸せ ライフ 綴る 溺 Ameblo アメトピ 掲載 こんばんは 先日 旦那 会社 イベント 娘 二人 お邪魔 とっても 楽しい もちろん エルパト 数ヶ月 横浜 ベビーカー 押す エルパト 頑張る 久々 欲しい 商品 とある 店舗 出会う 記事 書く ブリッドアブラック しかも ベビー ライン 第一 希望 色 留学 時代 友人 ランチ エルパト こんにちは サラ 内面 外見 美しい モットー 可愛い 大好き 女の子 ママ 生まれる OL 育休中 女の子 生まれ Ameblo 詳細 改めて 記事 とても 嬉しい オアジス 合わせる サラッ 持つ オアジス 裏 張り シンプル 丁寧 ライフ 見直し こんにちは サラ 内面 外見 美しい モットー 可愛い 大好き 女の子 ママ 生まれる OL 育休中 女の子 生まれ Ameblo ケリー 特別 日用 ブリブラ 少し カジュアル 持つ 出会える 続く 担当 極細 客 やはり 難しい 気持ち 出る 最近 気持ち 切り替える まあ 娘 連れる 平日 エルパト 娘 幼稚園 入る 復職 娘 エルパト 楽しむ 出会える プレ 値 買える 思う 出来事 嬉しい 暇 さえ エルメスブロガー 記事 エルメス Hermes 記事 検索 読む 頂く エルメス 漬け 良い しれる ブロガー 素敵 記事 引き続く お邪魔 いたす きちんと 写真 撮る 記事 使う 思う エヴリン 娘 歩む エルパト ベビー ライン ブリブラ 嬉しい すぎる ブリブラ ベビーカー フック 子育て エルパト 引き続く がんばる 指差し しっかり 積み木 発語 状況 こんにちは サラ 内面 外見 美しい モットー 可愛い 大好き 女の子 ママ 生まれる OL 育休中 女の子 生まれ Ameblo 今日 読む サラ', 'こんにちは サラ 内面 外見 美しい モットー 可愛い 大好き 女の子 ママ 生まれる OL 育休中 女の子 生まれ ママ ブルベ BRIGHT SUMMER 骨格 ウェーブ ピンク 大好き 宝物 エルメス ピンク ケリー 神 旦那 愛する 娘 日常 ファッション 料理 好き 書く 詳しい プロフィール 幸せ 女の子 ママ こんにちは サラ 内面 外見 美しい モットー 女の子 ママ 神 旦那 愛する ベビ 幸せ ライフ 綴る 溺 Ameblo アメトピ 掲載 こんばんは 先日 旦那 会社 イベント 参加 娘 ほんの すこーし めかし お気に入り ワンピース 楊柳 フリル スリーブ ワンピース natural BEAUTY Basic ナチュラル ビューティ ベーシック ワンピース ドレス ワンピース ベージュ ブラック グレー オレンジ 送料 無料 rakuten fashion 入る すぎる 汚れる 嫌 娘 お出かけ 着用 お出かけ Day ばっかり ママ 業 やすみ 休日 コーデ こんにちは サラ 内面 外見 美しい モットー 可愛い 大好き 女の子 ママ 生まれる OL 育休中 女の子 生まれ Ameblo 着る やっぱり 可愛い 大好き シュシュ いつも 即納 リボン ハング シアー ビッグ シュシュ goldy ゴールディ goldy ヘアアクセサリー レディース ヘアゴム リボン 透け感 ライトブルー ブラウン グレー ホワイト ブラック 黒 goldy シュシュ ゴールディ シュシュ 娘 出産 祝い 頂く ベベ ワンピース 可愛い ピンク チュール リボン 大好き 詰まる 嬉しい 出産 祝い こんにちは サラ 内面 外見 美しい モットー 旦那 溺愛 女の子 ママ 旧 帝大 卒 一部 上場企業 OL 努力 Ameblo 普段 汚れる 精神 安定 プチプラ メイン 母娘 服 ちょっと めかす 親子 上品 ワンピース 着る 多い 着せる すごーい 楽しみ 女の子 ママ みなとみらい マリン ウォーク 大 興奮 こんにちは サラ 内面 外見 美しい モットー 可愛い 大好き 女の子 ママ 生まれる OL 育休中 女の子 生まれ Ameblo 私自身 やっぱり 可愛い 涼しい ワンピース 大好き 大好き 色 纏う 大好き 連休 こんにちは サラ 内面 外見 美しい モットー 可愛い 大好き 女の子 ママ 生まれる OL 育休中 女の子 生まれ Ameblo 親子 ワンピース コーデ 思う 家族 リンク コーデ やる スタジオ バースデー フォト こんにちは サラ 内面 外見 美しい モットー 可愛い 大好き 女の子 ママ 生まれる OL 育休中 女の子 生まれ Ameblo 紹介 ちゃんと 朝 袋 セット kose クリア ターン ごめん 素肌 マスク 入 メイク のり 全然 違う 重宝 洒落着 セーター 洗える ネット 入れる 洗濯機 おうち クリーニング モード 洗う ポイント 倍 送料 無料 位 ニット セーター しゃれ着 洗い しゃれ着 まるで 手洗い 洗濯機 洗える 洗濯 ネット サボる しゃれ着 ネット ボックス おしゃれ 着用 ネット ドラム しゃれ着 ニット 乾燥機 ランドリー ネット セーター 洗濯 皆 とっておき アイテム コーデ 楽しみ 今日 読む サラ', 'こんにちは サラ 内面 外見 美しい モットー 可愛い 大好き 女の子 ママ 生まれる OL 育休中 女の子 生まれ ママ ブルベ BRIGHT SUMMER 骨格 ウェーブ ピンク 大好き 宝物 エルメス ピンク ケリー 神 旦那 愛する 娘 日常 ファッション 料理 好き 書く 詳しい プロフィール 幸せ 女の子 ママ こんにちは サラ 内面 外見 美しい モットー 女の子 ママ 神 旦那 愛する ベビ 幸せ ライフ 綴る 溺 Ameblo アメトピ 掲載 こんばんは エルメス オアジス 末 裏 張り 防水 加工 出す 完了 連絡 受け取る エルメス オアジス こんにちは サラ 内面 外見 美しい モットー 可愛い 大好き 女の子 ママ 生まれる OL 育休中 女の子 生まれ Ameblo 購入 裏 張り 聞く エルメス 好き ブログ 靴 裏 張り 新品 裏 少し 削る 履く 読む 真偽 分かる 一度 履く 靴 修理 専門店 裏 張り 出す 一度 履く 親友 フルーツ サンド ミルクティー 有名 お店 こんにちは サラ 内面 外見 美しい モットー 可愛い 大好き 女の子 ママ 生まれる OL 育休中 女の子 生まれ Ameblo コーディネート ママ 業 やすみ 休日 コーデ こんにちは サラ 内面 外見 美しい モットー 可愛い 大好き 女の子 ママ 生まれる OL 育休中 女の子 生まれ Ameblo 裏 張り 防水 加工 年末 エルメス 直営店 ケリー 磨き 出す かかる やはり 良い 大切 扱う メンテナンス 投資 大事 思う メンテナンス ケリー エルメス 受け取る 立春 お出かけ ママコーデ こんにちは サラ 内面 外見 美しい モットー 女の子 ママ 神 旦那 愛する 娘 日常 ファッション 料理 Ameblo もともと ブランド 物 買える 身分 記事 書く ブランド エルメス 絞る エルメス アイテム 中心 少ない 上質 大切 扱う 心 思う 原点 回帰 シンプル 暮らし こんにちは サラ 内面 外見 美しい モットー 可愛い 大好き 女の子 ママ 生まれる OL 育休中 女の子 生まれ Ameblo 引き続く エルパト 頑張る メンテナンス コスト 十分 不要 出費 減らす 原点 回帰 シンプル 暮らし 書く 上質 丁寧 シンプル 生活 向ける 見直し 最近 サボる がち スニーカー クリーニング 昨日 娘 寝る 地味 ゴシゴシ 頑張る 記事 詳しい 書く rosy LILY 愛用 帰省 終了 連休 最終日 過ごす こんにちは サラ 内面 外見 美しい モットー 女の子 ママ 神 旦那 愛する ベビ 幸せ ライフ 綴る 溺 Ameblo リンク 割引 購入 ぜひ rosy LILY 割引 娘 生まれる もっと 丁寧 身の回り バッグ 財布 アクセサリー 使う すごい きれい 磨く 最近 適当 がち まず ケア 復活 シンプル 上質 暮らし 今日 読む サラ']"
11,10,20,10_モラハラ_長男_異次元_未婚,"['モラハラ', '長男', '異次元', '未婚', 'モラハラ 発言', 'こむぎ', '異次元 元彼 戦い 経る', '残念 現夫 モラハラ 気質', '戦い 経る 現在 結婚', '元彼 戦い 経る 現在']","['未婚 シングルマザー こむぎ 異次元 元彼 母 戦い 経る 現在 夫 結婚 児 母 残念 現夫 モラハラ 気質 笑 夫 モラハラ 発言 未婚 シングル 体験 書く 異次元 元夫 義母 ストーリー なぜ 結婚 意地悪 祖母 連載中 息 嫁 いびる 祖母 夫 モラハラ 発言 夫 喧嘩 夫 長男 態度 未婚 シングルマザー こむぎ 異次元 元彼 母 戦い 経る 現在 夫 結婚 児 母 残念 現夫 モラハラ 気質 Ameblo 昨日 取り乱す すむ WW まだ 冷戦 状態 長男 焼く 実家 心 距離 離れる 状態 言う 難い 孤独感 さて 続く 夫 もともと 喋る タイプ 夫 実家 行く 豹変 びびる 話す 職場 人当たり タイプ 思う 義 実家 行く ぜんっぜん 喋る 義母 義父 話しかける 聞く んー あん 厨 病 かっ っ っ っ まぁ 前提 長男 対する 態度 微妙 ちょっと 違う まだ 乳児 幼児 話しかける 褒める 長男 声 かける 注意 怒る ばっかり 小さな 褒める 話しかける ほしい 言う ママ 見る とこ 判断 図書館 連れる てく 出かける 連れる てく 色々 学校 話す 言う 言える まだ 歳児 留守番 多い 夫 長男 話しかける ああ 言い方 アドレス 多い 事実 長男 説教 臭い 聞こえる 嫌 分かる 度々 話す 子供 嫌 怒る 言う 怒る 続く', '未婚 シングルマザー こむぎ 異次元 元彼 母 戦い 経る 現在 夫 結婚 現在 児 母 残念 現夫 モラハラ 気質 笑 夫 モラハラ 発言 未婚 シングル 体験 書く 異次元 元夫 義母 ストーリー なぜ 結婚 意地悪 祖母 連載中 息 嫁 いびる 祖母 夫 モラハラ 発言 夫 喧嘩 血 つながり 未婚 シングルマザー こむぎ 異次元 元彼 母 戦い 経る 現在 夫 結婚 児 母 残念 現夫 モラハラ 気質 Ameblo 長男 対する 冷たい 対応 夫 見える 長男 本人 ぽそっ 僕 ほめる くれる 言う 切ない 夫 伝える すげー 言う うーん 長男 言う 思う ブロック 作る パパ 言う すげー 学校 行事 宿題 色々 夫 頑張る 褒める 運動会 言う 運動会 頑張る 言う あげる ほしい 夫 ガラ 分かる ては はなれる 比べる 次男 大きい 相手 長男 判断 離婚 長男 思う 夫 嫌い きれる クソ やる 離婚 ぞ 言う 欲しい 笑 とりとめ なくなる しまう シリーズ ゆるゆる 続く 思う', '未婚 シングルマザー こむぎ 異次元 元彼 母 戦い 経る 現在 夫 結婚 児 母 残念 現夫 モラハラ 気質 笑 夫 モラハラ 発言 未婚 シングル 体験 書く 異次元 元夫 義母 ストーリー なぜ 結婚 意地悪 祖母 連載中 息 嫁 いびる 祖母 夫 モラハラ 発言 夫 喧嘩 経つ 帰る 長男 未婚 シングルマザー こむぎ 異次元 元彼 母 戦い 経る 現在 夫 結婚 児 母 残念 現夫 モラハラ 気質 Ameblo 長男 普段 生活 分かる いただける 様子 怒る 多い 分かる ては 怒る 限界 超える 爆発 しまう 何度 言う わかる 怒る 結構 ひどい 言う 自覚 夫 つまる 人間 越す つまる 人間 未婚 シングルマザー こむぎ 異次元 元彼 母 戦い 経る 現在 夫 結婚 児 母 残念 現夫 モラハラ 気質 Ameblo 思う 感ずる 夫 長男 ちょっと 冷たい 小さい 離れる 仕方ない 部分 思う たって 冷たい 言える 言う おしまい ちなみ 夫 喧嘩 言う どういう 言う 言う 勇気 言える 夫 きつい 背景 長男 普段 生活 夫 もともと 言葉 キツイ ひどい 言う 喧嘩 原因 利く 喧嘩 原因 くだる 言う 喧嘩 原因 つっこむ 理由 わかる 夫 喧嘩 きる Ameblo 職場 柄 職場 言う 例えば 障がい者 ちょっと おかしい 平気 言う 絶対 言う いける 教わる 育つ 偏見 ダメ 思う 夫 物言い 理解 一緒 暮らす おかしい 思う 怖い 続く']"
12,11,20,11_ブーツ_risu_レイン ブーツ_レイン,"['ブーツ', 'risu', 'レイン ブーツ', 'レイン', '手術', 'メール', 'ウタマロ', 'ママ 子宮 頚管 ミリ マクドナルド', '子宮 頚管 ミリ マクドナルド 手術', '神奈川県 在住']","['神奈川県 在住 現在 姉妹 ママ 号 子宮 頚管 ミリ マクドナルド 手術 出産 ちょっぴり 繊細 附属 幼稚園 入園 号 シロッカー 手術 妊娠 糖尿病 出産 産後 境界 型 糖尿病 診断 姉 アクティブ わんぱく ガール 予感 お金 手間 ゆるり 知育 モットー ゆるゆる 我が 家メシ 記録 継続 アメンバー 申請 昨夜 我が家 メシ 鯵 開き ちくわ 磯辺 揚げ カレー 味 ポテサラ 芽ひじき ペペロンチーノ 風 炒める 味噌汁 急遽 休園 色々 予定 崩れる 昨日 メイン 焼く 魚 早い 買う 良い グリル 専用 焼き魚 トレー ワイド 大型 マーブル コート 穴 グリル 魚 焼き トレー グリル プレート グリル トレー 魚 焼き グリル プレート キッチン グッズ 便利 キッチン 用品 時短 調理 ポイント 消化 早い 買う よい たー 本気 思う 家事 アイテム 磯辺 揚げ 作る 衣 粉 チーズ 入れる レシピ 新鮮 食べ応え 増す 最高 りな ぃ 週間 献立 物価高 驚き ボリューム SPECIAL tjmook rinaty 実家 ずーっと 使う 洗う 足裏 サッパリ もちろん 血流 良い 冷え性 おすすめ クーポン フットケアブラシ フット ブラシ 足つぼ 血行 促進 リフレッシュ 吸盤 TPR 豊富 カラー 立体 構造 フック 穴 付き 足裏 ケア 足洗 マット 足指 一部 予約 販売 クーポン OFF 最強 配送 石鹸 ケース ウタマロ 石鹸 ケース ブラシ 付き ウタマロ 泡立つ 洗濯 せっけん ケース せっけん ウタマロ 石鹸 石けん ケース 石けん 泡立つ せっけん 置き場 エリ 襟 袖 子供服 上履き くつ下 ユニホーム 汚れ 衣類 汚れ スタイルオンバッグ インソール もらえる キャンペーン 明日 レイン ブーツ 推す インソール 入れる 履き心地 神 ぜひ おすすめ 大 好評 インソール 貰える レイン ブーツ レディース ショート パッカブル 長靴 折りたたみ レイン ブーツ 持ち運び 可能 袋 付き ブーツ 農作業 柔らかい ロング 丈 長ぐつ ながぐつ 雨靴 おしゃれ 軽量 編み上げ 自転車 キャンプ アウトドア フェス FS RB 大 好評 インソール 貰える レイン ブーツ レディース ロング パッカブル 長靴 折りたたみ レイン ブーツ 持ち運び 可能 袋 付き ブーツ 農作業 柔らかい ロング 丈 長ぐつ ながぐつ 雨靴 雨 おしゃれ 軽量 編み上げ 自転車 キャンプ アウトドア フェス FS RB アメトピ 掲載 人気 記事 よろしい 併せる 読む お店 見知る 親子 抱く 感情 バス 二度見 隣 乗客 題名 見る 開く 躊躇 園 メール 園 抜き打ち 質問 先生 見る 思う 苦笑い 小児科 HP 公園 遊び 見かける 残念 パパ 娘 発症 怖い インフル 症状 園 メール 恐怖 理由 ママ友 聞く 落ち込む 園 出来事', '神奈川県 在住 現在 姉妹 ママ 号 子宮 頚管 ミリ マクドナルド 手術 出産 ちょっぴり 繊細 附属 幼稚園 入園 号 シロッカー 手術 妊娠 糖尿病 出産 産後 境界 型 糖尿病 診断 姉 アクティブ わんぱく ガール 予感 お金 手間 ゆるり 知育 モットー ゆるゆる 我が 家メシ 記録 継続 アメンバー 申請 昨日 朝 覚める 顔面 蒼白 いつも 起きる いー 寝 坊 ー 目覚まし 止める 夜中 スマホ 避難 指示 警報 鳴る まくる 言い訳 夫 仕事 寝る 遅い ぐっすり 起きる てぇ ぇ ぇ ぇ ぇ ぇ 幼稚園 遅刻 ぅ ぅ ぅ ぅ 絶叫 瞬間 持つ スマホ ぶーっ 緊急 休園 お知らせ 少し 早い メール 届く 寝 笑 なんて 思える 我が家 被害 昨日 夜 予報 思う いざ 蓋 開ける 午前中 激しい 降る 川 溢れる ママ友 避難 指示 エリア 入る 一時 避難 身 寄せる たって 我が家 停電 備える バッテリー 充電 袋 氷 作る 落ち着く 何事 過ごせる 台風 関東 近づく 週末 おうち 大人しい 過ごす 金曜 休園 上履き 持ち帰れる 月曜日 上履き 持ち帰り 洗う 火曜 持つ てく 少し 憂鬱 母 苦笑 クーポン OFF 最強 配送 石鹸 ケース ウタマロ 石鹸 ケース ブラシ 付き ウタマロ 泡立つ 洗濯 せっけん ケース せっけん ウタマロ 石鹸 石けん ケース 石けん 泡立つ せっけん 置き場 エリ 襟 袖 子供服 上履き くつ下 ユニホーム 汚れ 衣類 汚れ スタイルオンバッグ じしん さがす はしる まもる 子ども 身 まもる 本 清永 奈穂 インソール もらえる キャンペーン 明日 大 好評 インソール 貰える レイン ブーツ レディース ショート パッカブル 長靴 折りたたみ レイン ブーツ 持ち運び 可能 袋 付き ブーツ 農作業 柔らかい ロング 丈 長ぐつ ながぐつ 雨靴 おしゃれ 軽量 編み上げ 自転車 キャンプ アウトドア フェス FS RB 大 好評 インソール 貰える レイン ブーツ レディース ロング パッカブル 長靴 折りたたみ レイン ブーツ 持ち運び 可能 袋 付き ブーツ 農作業 柔らかい ロング 丈 長ぐつ ながぐつ 雨靴 雨 おしゃれ 軽量 編み上げ 自転車 キャンプ アウトドア フェス FS RB 少し 懐中電灯 代わり 使える コレ テレビ ネコポス 全国 送料 無料 防災 灯 小型 照明 アクモキャンドル aqumo candle セット 少量 発電 ポケット 入る コンパクト ライト 点灯 ネコポス SMTB メール便 日本郵便 ポスト 投函 送料 無料 防災 灯 小型 照明 アクモキャンドル aqumo candle セット 少量 発電 ポケット 入る コンパクト ライト 点灯 SMTB メール便 日本郵便 ポスト 投函 送料 無料 防災 灯 小型 照明 アクモキャンドル aqumo candle セット 少量 発電 ポケット 入る コンパクト ライト 点灯 SMTB アメトピ 掲載 人気 記事 よろしい 併せる 読む お店 見知る 親子 抱く 感情 バス 二度見 隣 乗客 題名 見る 開く 躊躇 園 メール 園 抜き打ち 質問 先生 見る 思う 苦笑い 小児科 HP 公園 遊び 見かける 残念 パパ 娘 発症 怖い インフル 症状 園 メール 恐怖 理由 ママ友 聞く 落ち込む 園 出来事', '神奈川県 在住 現在 姉妹 ママ 号 子宮 頚管 ミリ マクドナルド 手術 出産 ちょっぴり 繊細 附属 幼稚園 入園 号 シロッカー 手術 妊娠 糖尿病 出産 産後 境界 型 糖尿病 診断 姉 アクティブ わんぱく ガール 予感 お金 手間 ゆるり 知育 モットー ゆるゆる 我が 家メシ 記録 継続 アメンバー 申請 台風 被害 甚大 台風 進む ゆっくり 被害 最小限 済む 人的 被害 昼間 ニュース 入れる 使える 持ち運び ライト 調べる ほんの ちょっと 最悪 唾液 言う 懐中電灯 並み 明るさ 蝋燭 並 明るさ キープ 出来る メール便 日本郵便 ポスト 投函 送料 無料 防災 灯 小型 照明 アクモキャンドル aqumo candle セット 少量 発電 ポケット 入る コンパクト ライト 点灯 SMTB あす 発送 ポスト 投函 送料 無料 防災 灯 小型 照明 アクモキャンドル aqumo candle セット 少量 発電 ポケット 入る コンパクト ライト 点灯 ネコポス SMTB メール便 日本郵便 ポスト 投函 送料 無料 防災 灯 小型 照明 アクモキャンドル aqumo candle セット 少量 発電 ポケット 入る コンパクト ライト 点灯 SMTB 小さい 持ち歩き 良い 今夜 我が家 メシ ユッケ ジャン クッパ 春巻き サラダ 少し 涼しい 気圧 疲れ 出る 身体 ダル もー 身体 温める 限る スープ ご飯 幼稚園 ほんと 靴下 汚れる ぅ ぅ 固形 ウタマロ 入れる スプレー タイプ 使う コスパ 荒れる サイコー クーポン OFF 最強 配送 石鹸 ケース ウタマロ 石鹸 ケース ブラシ 付き ウタマロ 泡立つ 洗濯 せっけん ケース せっけん ウタマロ 石鹸 石けん ケース 石けん 泡立つ せっけん 置き場 エリ 襟 袖 子供服 上履き くつ下 ユニホーム 汚れ 衣類 汚れ スタイルオンバッグ スライサー ご飯 準備 時短 切れ味 抜群 ノンストレス プログレード 野菜 調理器 セット pgs スライサー セット スライサー おろし器 千切り 細い 千切り セット 調理器 キッチン 用品 野菜 スライサー セット インソール もらえる 得る すぎる キャンペーン インソール ふかふか ほんと 足裏 優しい 履く 劣化 大 好評 インソール 貰える レイン ブーツ レディース ショート パッカブル 長靴 折りたたみ レイン ブーツ 持ち運び 可能 袋 付き ブーツ 農作業 柔らかい ロング 丈 長ぐつ ながぐつ 雨靴 おしゃれ 軽量 編み上げ 自転車 キャンプ アウトドア フェス FS RB 大 好評 インソール 貰える レイン ブーツ レディース ロング パッカブル 長靴 折りたたみ レイン ブーツ 持ち運び 可能 袋 付き ブーツ 農作業 柔らかい ロング 丈 長ぐつ ながぐつ 雨靴 雨 おしゃれ 軽量 編み上げ 自転車 キャンプ アウトドア フェス FS RB アメトピ 掲載 人気 記事 よろしい 併せる 読む お店 見知る 親子 抱く 感情 バス 二度見 隣 乗客 題名 見る 開く 躊躇 園 メール 園 抜き打ち 質問 先生 見る 思う 苦笑い 小児科 HP 公園 遊び 見かける 残念 パパ 娘 発症 怖い インフル 症状 園 メール 恐怖 理由 ママ友 聞く 落ち込む 園 出来事']"
13,12,16,12_義母_うめ_最低 義母 セクハラ_自己 紹介 最低 義母 セクハラ,"['義母', 'うめ', '最低 義母 セクハラ', '自己 紹介 最低 義母 セクハラ', '日々 綴る 過去', 'セクハラ 義父 日々 綴る 過去', '義父 日々 綴る', '義母 セクハラ 義父 日々 綴る', '訪問 アラフォーワーママ うめ', '最低 義母 セクハラ 義父 日々']","['訪問 アラフォーワーママ うめ 申す 自己 紹介 最低 義母 セクハラ 義父 日々 綴る 過去 義 両親 同居 現在 義 両親 日々 嫌がらせ 記事 義母 大 暴走 恥ずかしい 思い 安産 祈願 訪問 アラフォーワーママ うめ 申す 自己 紹介 最低 義母 セクハラ 義父 日々 綴る 過去 Ameblo 検診 ついに 女の子 判明 女の子 義母 言う 言う 出産 性別 知る おく 選択肢 らしい 出産 義母 性別 分かる おく 思う 後継 欲しい 男の子 希望 義母 女の子 分かる 責める 妊活 悪い 言う 必要 言う 最悪 赤ちゃん おろす 言う しれる そん 悪い 予感 ばかり 元気 いっぱい 生まれる 夫 相談 夫 考え 分かる 言う 黙る 変 期待 男の子 つもり ずっと 男の子 洋服 おもちゃ 買う 出産 女の子 わかる 産後 関わる グチグチ 言う ある 産後 めんど くさい 面倒くさい 義母 言う れる 私達 変わり ちょうど 義母 知る 妊婦 健診 知る いう 今日 妊婦 健診 性別 もちろん 分かる 男の子 シンボル しっかり 見える かしら 頼りない 夫 義母 向かう 行く', '訪問 アラフォーワーママ うめ 申す 自己 紹介 最低 義母 セクハラ 義父 日々 綴る 過去 義 両親 同居 現在 義 両親 日々 嫌がらせ 記事 修羅場 義 両親 介護 問題 訪問 アラフォーワーママ うめ 申す 自己 紹介 最低 義母 セクハラ 義父 日々 綴る 過去 Ameblo 過去 記事 続き 過去 理解 義母 両親 関わり 訪問 アラフォーワーママ うめ 申す 自己 紹介 最低 義母 セクハラ 義父 日々 綴る 過去 Ameblo 過去 現在 義母 常 修羅場 生後 検診 帰る 義母 凄い 剣幕 性別 分かる 聞く 検診 まだ 分かる まだ 分かる 男の子 分かる 分かる 女の子 キツい 性格 優しい 顔つき 跡取り 期待 残念 跡取り 男の子 女の子 生まれる くれる よし 女の子 かわいい 洋服 着せる 女の子 希望 顔つき 性別 分かる 知る 女の子 まだ 決定 訳 恥ずかしい 男の子 シンボル 隠す 少し 義母 希望 持てる 言い返す 期待 おく 義母 機嫌 良い 押入れ 行く 持つ 戻る 来る 分かる 女の子 確定 思う 性別 聞く ごまかす 考える 機嫌 嫌 予感 的中 明日 ポイント 倍 デー 先日 プール 行く 驚く ママ 全身 隠せる ラッシュ ガード 着る 安い 見る 夏物 最終 在庫 処分 クーポン 利用 rank 位 フリルラッシュガードセット ラッシュ ガード 水陸 両用 長袖 ラッシュ ガード 冷感 速乾 ストレッチ ママ 水着 足長 効果 お洒落 体型 カバー UV カット 可愛い 紫外 対策 レジャー 送料 無料 セルフ カット 合う 長さ 履ける 秋冬 大 活躍 夏物 最終 在庫 処分 クーポン 利用 シフォンプリーツスカーチョ カットオフ OK 秋冬 バージョン ワイド パンツ カットオフ ボトム ス シフォン プリーツ パンツ レディース 大きい サイズ 快適 通気 レディース 大人 バーゲン 送料 無料 自転車 乗る 便利 雨 荷物 洋服 濡れる クーポン 利用 レインコート レイン ポンチョ レディース メンズ 通勤 通学 ポンチョ レインウェア おしゃれ 自転車 リュック バイク 原付 フェス キャンプ 携帯 大きい サイズ カッパ バイザー 台風 防災 防水 撥水 雪 梅雨 韓国 ファッション 送料 無料', '訪問 アラフォーワーママ うめ 申す 自己 紹介 最低 義母 セクハラ 義父 日々 綴る 過去 義 両親 同居 現在 義 両親 日々 嫌がらせ 記事 義母 性別 伝える 夫 話し合い 結果 訪問 アラフォーワーママ うめ 申す 自己 紹介 最低 義母 セクハラ 義父 日々 綴る 過去 Ameblo 義母 性別 伝える 迷う 伝える 女の子 夫 伝える もらう 女の子 残念 残念 義母 言う 一言 心底 腹 いい加減 する ク bba 言う 我慢 我慢 義母 女の子 うめ 食生活 問題 どういう 妊娠 肉 ばかり 食べる 男の子 欲しい 魚 食べる いける 言い伝え 初耳 女の子 よい 食生活 なんて 肉 魚 食べる 見る 魚 食べる 言える 防災 グッズ 買う 災害 簡易 トイレ 椅子 ゴミ箱 コンテナ 使える 持つ おく 便利 防災 グッズ 大賞 受賞 スツーレ 簡易 トイレ 折りたたみ ポータブル トイレ 携帯 トイレ 防災 トイレ 災害 非常 防災 グッズ 耐 荷重 kg 排便 袋 付き']"
14,13,16,13_わが_記録_胎児 発育 不全 発覚_不全 発覚,"['わが', '記録', '胎児 発育 不全 発覚', '不全 発覚', '発育 不全 発覚', '発育', '胎児 発育', '胎児 発育 不全', '発育 不全', '不全']","['読む 胎児 発育 不全 発覚 女の子 出産 不安 戦う 続ける 妊娠 記録 至る わが 体重 記録 日常 育児 記録 教育 記録 綴る 胎児 発育 不全 発覚 出産 レポ 妊娠 経過 まとめ 読む 記事 アナフィラキシー 起きる 卵 鳥肌 MAX 当たる まくる 占い 義母 過ごす 最悪 日間 テアトル アカデミー オーディション 記録 凄まじい 困る 歳児 質問 読む 胎児 発育 不全 発覚 女の子 出産 不安 戦う 続ける 妊娠 記録 Ameblo 無事 南町田 グラン ベリー パーク 到着 かん ワンオペ 行ける 笑 イヤイヤ 良い 早速 NHK 遊び場 キッズ ディスカバリー 場所 急ぐ 夏休み 日曜日 さすが 混む 遊び場 到着 わが こっ しー ぃ ぃ っす ぅ ちゃんと いー っす 挨拶 念願 こっ しー 会える 目立つ ファンターネ テンション 上がる わぁ ぁ もも 写真 とろ ぎゃ ぁ ぁ 可愛い ぃ ぃ ぃ 引く 笑 子供 メイン 遊び場 やはり 楽しい ない わが 喜ぶ ぽい ぅ ぽい コーナー 結構 混む やっぱり 大人気 ぽい ぅ ぽ ー わが あい ねぇ ぽい ぅ ぽ ー めっちゃ 話しかける 激混み コーナー 早め 写真 撮る 退散 わが わんわん 写真 撮る あげる わんわん はい バイバーイ バイバイ 瞬間 ちょ マジ wwwww わんわん 可哀想 すぎる wwwwww 何故 わんわん 塩 対応 ぽい ぅ ぽと 差 爆笑 しまう わんわん 人形 良い 笑 結構 混む 終わり とにかく 多い すべり台 くらい スムーズ 遊べる 混む やっぱり NHK 好き とっても オススメ 遊び場 わが 昼ご飯 食べる とんかつ 移動 レストラン 並ぶ 並ぶ 約 わが 来る 画像 見返す みる すごい すごい 大きい なぁ 昔 比較 わかる よちよち 歩き あの わが 懐かしい ウルウル 戻れる あの 懐かしい 大きい もっと 大切 場所 写真 とても とても エモい 見返す みる オススメ OFF クーポン 来 ァァ ア 子供 レギパン 並 伸びる 履く やすい 子供 何回 抱っこ せがむ 余裕 今まで パンツ 概念 覆る クーポン OFF クーポン 特別 送料 無料 パンツ スキニー レディース エアパンツ ll 驚く 軽い 伸びる レギンス パンツ レギンス ボトムス 大きい サイズ メール便 可 zootie ズーティー エアパンツ ねぇ すごい 肉 オムライス カレー 隠し味 もはや 合う 魔法 玉ねぎ ソース 見る 結構 人気 本 味付け 超 欲しい クーポン macchan umami rich SAUCE マッチャン ウマミリッチソース ml 本 セット 賞味期限 日本 発 旨味 凝縮 全く 新しい プレミアム 万能 旨味 ソース 万能 旨味 調味料 万能 調味料 旨味 うま味 ソースマッチャン 送料 無料 半永久 保存 簡易 トイレ 台風 来る 断水 対策 必須 車 入れる 万が一 緊急事態 クーポン 位 半永久 保存 防災士 監修 簡易 トイレ 非常 トイレ セット 防災用品 防災 グッズ 防災 セット 回分 非常 簡易 トイレ 防臭 袋 アウトドア 介護 防災 携帯 トイレ 台風 洪水 災害 断水 簡単 使用 長期 保存', '読む 胎児 発育 不全 発覚 女の子 出産 不安 戦う 続ける 妊娠 記録 至る わが 体重 記録 日常 育児 記録 教育 記録 綴る 胎児 発育 不全 発覚 出産 レポ 妊娠 経過 まとめ 読む 記事 アナフィラキシー 起きる 卵 鳥肌 MAX 当たる まくる 占い 義母 過ごす 最悪 日間 テアトル アカデミー オーディション 記録 やす子 TV マラソン ランナー 頑張る 走る ギャラ 噂 入る 来る うわぁ 死ぬ 頑張る くらい 走る 最低 妄想 笑 今日 やす子 投稿 見る チャリティー マラソン ギャラ デマ 飛び交う 銭 憶測 デマ 信ずる ちゃう やめる 拡散 希望 やす子 yasuko sma September まさか ギャラ う 嘘 マラソン 体づくり 走り込む さく ノーギャラ すごい すぎる 余程 想い ノーギャラ 引き受ける 実際 ギャラ 寄付 謎 最近 色々 やす子 好感 高い わぁ ノーギャラ 美談 いける 元々 好き やす子 もっと 好き ごめん ただ コレ 言う', '読む 胎児 発育 不全 発覚 女の子 出産 不安 戦う 続ける 妊娠 記録 至る わが 体重 記録 日常 育児 記録 教育 記録 綴る 胎児 発育 不全 発覚 出産 レポ 妊娠 経過 まとめ 読む 記事 アナフィラキシー 起きる 卵 鳥肌 MAX 当たる まくる 占い 義母 過ごす 最悪 日間 テアトル アカデミー オーディション 記録 誕生 記事 続き 恥ずかしい 我儘 泣 読む 胎児 発育 不全 発覚 女の子 出産 不安 戦う 続ける 妊娠 記録 Ameblo わが ジブリ 美術館 ネコバスコーナー 暴れる 倒し 昼 食べる 洗う 地面 イヤイヤ 洗い直す だんだん イライラ わが 姿 見る お姉さん メイ 可愛い 言う 更に 調子 乗る がこ せっかく 誕生日 祝い ママ 帰る 楽しい ちゃう テンション 上がる ちゃう 栄養 バランス ガン 無視 アイス 食べる 笑 楽しむ とにかく 疲れる わが 楽しい まぁ ヨシ 帰り 車内 昼寝 帰宅 誕生日 パーティー わが 選ぶ アンパンマンケーキ さすが 不二家 思う 美味しい さて 先日 心配 誕生日 プレゼント 誕生日 トラブル 気配 読む 胎児 発育 不全 発覚 女の子 出産 不安 戦う 続ける 妊娠 記録 Ameblo 無事 喜ぶ くれる ァァ ア アンパンマン レジ 延々 遊ぶ 隙 ピアノ 弾く わが ダメー わが よぉ 怒る 独占 欲 高さ 笑 使う 貸す くれる ピアノ レジ 喜ぶ 貰える 嬉しい わが 笑顔 沢山 見る 幸せ 誕生 皆 相談 乗る 下さる レビュー 見る 当たり 福袋 っぽい リピーター 居る 期待値 高め しかも 夏物 冬物 選べる 福袋 訳あり 福袋 トップス ボトムス セット 合計 福袋 レディース 服 訳あり 送料 無料 春夏 秋冬 福袋 レディース ファッション ブラウス チュニック ニット パンツ スカート 得 安い 福袋 レディース 子供 靴下 足 セット 可愛い デザイン 多め ショップ ワクワク ちゃう 男の子 女の子 選べる 親切 福袋 靴下 キッズ ハッピー バッグ ソックス 足 ナチュラル 韓国 ベビー服 男の子 女の子 おしゃれ かわいい セット 保育園 着 カジュアル こども 服 乳児 幼児 送料 無料 韓国 ベビー服 baby マリン キャッスル']"
